Extension,Permissions
/home/minhyuk/Desktop/Download_extension/Extensions/lifestyle/shopping/jelokdfdipmincpfkbeafogkcimmfaie_1.0.2.zip,None
/home/minhyuk/Desktop/Download_extension/Extensions/productivity/workflow/fjloanfmldedeklicoenijiddfgipkke_2.1.11.zip,"tabs, downloads, management"
/home/minhyuk/Desktop/Download_extension/Extensions/productivity/developer/dpfmcablghlljmibdidppeggbhhnhlfh_2.0.0.5.zip,tabs
/home/minhyuk/Desktop/Download_extension/Extensions/lifestyle/fun/bhhddgpklpjchoemcgggncekimleaaok_1.3.7.zip,None
/home/minhyuk/Desktop/Download_extension/Extensions/productivity/tools/fnnibnhiaepgmioomkknpcbomaogkdhn_1.0.zip,None
/home/minhyuk/Desktop/Download_extension/Extensions/productivity/developer/cjbjooklbedommhdidncehmbalddjehe_1.1.0.zip,"clipboardWrite, webRequest, tabs, webRequestBlocking"
/home/minhyuk/Desktop/Download_extension/Extensions/make_chrome_yours/accessibility/jkpbmimolehkdndejafglfkkecegoocd_1.0.zip,tabs
/home/minhyuk/Desktop/Download_extension/Extensions/productivity/workflow/icmpjbkbjlbfpimllboiokakocdgfijb_3.0.0.zip,None
/home/minhyuk/Desktop/Download_extension/Extensions/lifestyle/games/glepfgdhnbgohonamcddiocfajpjhdom_1.0.2.zip,None
/home/minhyuk/Desktop/Download_extension/Extensions/productivity/tools/hpbcepobmhifanbjpghbcmjpiffeckfh_1.0.4.zip,cookies
/home/minhyuk/Desktop/Download_extension/Extensions/lifestyle/entertainment/lgokjbkagbigdeibejhbemhhfcobkmfd_0.1.zip,None
/home/minhyuk/Desktop/Download_extension/Extensions/productivity/workflow/pajefbafpiobhdlacndlggikdkhdfobe_3.0.zip,None
/home/minhyuk/Desktop/Download_extension/Extensions/lifestyle/shopping/elnfdnpcmioiblhbichaacoghdhofeei_1.1.zip,tabs
/home/minhyuk/Desktop/Download_extension/Extensions/productivity/tools/ijgmchfimkocepiapjeoehcicfnhhchp_1.0.8.zip,None
/home/minhyuk/Desktop/Download_extension/Extensions/make_chrome_yours/accessibility/gcddknjhchnhegfnekbokipolcncpemi_1.0.zip,None
/home/minhyuk/Desktop/Download_extension/Extensions/productivity/workflow/mgpmbempbaokkngbjllmklggmakfabea_1.0.1.zip,None
/home/minhyuk/Desktop/Download_extension/Extensions/lifestyle/fun/mmhkpecbaahjefijgadcdepkcfmafppb_1.0.zip,None
/home/minhyuk/Desktop/Download_extension/Extensions/lifestyle/fun/ejeamoghipiaiakgpahfonkgejimghcg_0.0.1.zip,None
/home/minhyuk/Desktop/Download_extension/Extensions/lifestyle/fun/didcobbiinamepbjefakphdapmfpoegg_1.1.zip,None
/home/minhyuk/Desktop/Download_extension/Extensions/make_chrome_yours/accessibility/ppampiglggnmloiajkficghjdbmmlbgb_1.0.0.zip,None
/home/minhyuk/Desktop/Download_extension/Extensions/productivity/workflow/ohlmameoemdaimknahlpgiadmomkkgfd_0.6.3.zip,None
/home/minhyuk/Desktop/Download_extension/Extensions/entertainment/bghnphaaibjaiemhbimbpeiicngheoeh_1.0.zip,None
/home/minhyuk/Desktop/Download_extension/Extensions/lifestyle/art/ggnedmfnobiflbhgnmjaccjnacippeme_1.2.2.1.zip,None
/home/minhyuk/Desktop/Download_extension/Extensions/make_chrome_yours/accessibility/odgheimmfdhcpbajpmlgbajpgcfnimgj_1.3.zip,tabs
/home/minhyuk/Desktop/Download_extension/Extensions/productivity/communication/polginkohgdapmmpppjgkekjcleopdpa_1.2.zip,None
/home/minhyuk/Desktop/Download_extension/Extensions/productivity/tools/iiafcgcehacfjhpnblonfcmlcdglajnc_1.0.7.zip,None
/home/minhyuk/Desktop/Download_extension/Extensions/productivity/workflow/bbpbfkgigdkapgfiipkhknbpampmndfg_1.0.12.zip,tabs
/home/minhyuk/Desktop/Download_extension/Extensions/lifestyle/games/dcfpcmmamlcnmfgjlodkodgpbafklbpi_2.zip,None
/home/minhyuk/Desktop/Download_extension/Extensions/lifestyle/fun/glaffjplfihhkhanmgaajakfjfmjifng_1.zip,tabs
/home/minhyuk/Desktop/Download_extension/Extensions/productivity/tools/ehekffhhobjogdcdafcfhkfpcpaeagnd_1.2.zip,cookies
/home/minhyuk/Desktop/Download_extension/Extensions/lifestyle/social/kmaaggblnpkbdhhpdachlcmpaieijkko_3.0.zip,None
/home/minhyuk/Desktop/Download_extension/Extensions/productivity/workflow/faliaflmfjklonlipbaebdhfkomlfjmi_0.17.20.zip,management
/home/minhyuk/Desktop/Download_extension/Extensions/productivity/workflow/mcdaacllflfepdefllaofjbboojpfkpm_1.0.2.zip,None
/home/minhyuk/Desktop/Download_extension/Extensions/lifestyle/news/gofocbepaccnkpphbgjpolififgcakhn_1.0.1.zip,None
/home/minhyuk/Desktop/Download_extension/Extensions/productivity/developer/liiilaihfbpmgfcbnlofbiceidbflndb_1.1.zip,None
/home/minhyuk/Desktop/Download_extension/Extensions/make_chrome_yours/functionality/keonnkemholncgglhelpmfkjlmkaeeph_1.0.1.zip,None
/home/minhyuk/Desktop/Download_extension/Extensions/lifestyle/art/kbglolfonhbbekjfbnkiokbgedjbghmo_1.1.zip,None
/home/minhyuk/Desktop/Download_extension/Extensions/productivity/developer/obcdmfbebdpnpclnndjehheeglabmffd_0.0.1.zip,None
/home/minhyuk/Desktop/Download_extension/Extensions/make_chrome_yours/accessibility/hjaepmpnjjhlpbljbeajlhklcgflejgm_3.1.zip,None
/home/minhyuk/Desktop/Download_extension/Extensions/lifestyle/shopping/onodghihjdmnoclgpdbjdchamhbngjhb_0.1.2.zip,None
/home/minhyuk/Desktop/Download_extension/Extensions/productivity/tools/jdgjjnkgegjnomcafakkkkbjaaiiibie_1.0.5.zip,None
/home/minhyuk/Desktop/Download_extension/Extensions/make_chrome_yours/functionality/pdgbmlhjjgaenhbmahiafcelnbbbopla_4.0.zip,bookmarks
/home/minhyuk/Desktop/Download_extension/Extensions/productivity/developer/edbhcnncibhjdeflaagkbdklifcdklmc_0.0.2.zip,None
/home/minhyuk/Desktop/Download_extension/Extensions/productivity/tools/clgalhbnbekgfanfljjidnjcmgaieeha_3.1.zip,None
/home/minhyuk/Desktop/Download_extension/Extensions/lifestyle/shopping/imghjfnllcjhecfnkjjebmaihbhaedid_1.3.0.zip,None
/home/minhyuk/Desktop/Download_extension/Extensions/lifestyle/games/kbjdnohjeclabcmjobggdklfhikgelji_7.zip,None
/home/minhyuk/Desktop/Download_extension/Extensions/productivity/developer/gdnafniaoemlofmmfejfldbofjeoconl_1.2.1.zip,"cookies, tabs"
/home/minhyuk/Desktop/Download_extension/Extensions/productivity/tools/bdmiecmfhhmbmakpafaicedhfdlaeedl_1.0.2.zip,tabs
/home/minhyuk/Desktop/Download_extension/Extensions/productivity/workflow/feldjmkkfokjainkaddkjmageenifppc_1.0.zip,"webRequest, webRequestBlocking"
/home/minhyuk/Desktop/Download_extension/Extensions/lifestyle/social/lepamddghhbdnkaddghdbnpmhjdkkppk_1.0.2.zip,None
/home/minhyuk/Desktop/Download_extension/Extensions/productivity/developer/famgnfdcgclbjpmjdkodhbbeokinjefb_3.4.0.1.zip,nativeMessaging
/home/minhyuk/Desktop/Download_extension/Extensions/productivity/tools/elnmgbcdmeallhmpgafkofodlbainoeo_1.0.11.zip,None
/home/minhyuk/Desktop/Download_extension/Extensions/productivity/tools/nmheifgpcdedeemfkbccjikeecgfhaoh_1.1.zip,"history, bookmarks, tabs"
/home/minhyuk/Desktop/Download_extension/Extensions/productivity/developer/aneeijmdeahjkiegfhgngfbkcopllngo_0.1.3.zip,tabs
/home/minhyuk/Desktop/Download_extension/Extensions/productivity/workflow/fggakgfimagekkeapmjkiifceoibkihe_1.4.3.zip,None
/home/minhyuk/Desktop/Download_extension/Extensions/lifestyle/social/hmpofbejkojlojbghjbejblmmnjcbjph_1.1.zip,None
/home/minhyuk/Desktop/Download_extension/Extensions/productivity/tools/gdbhjhheenfddpijobeagmogehcpakma_1.0.0.zip,"tabs, downloads"
/home/minhyuk/Desktop/Download_extension/Extensions/productivity/workflow/alcgpfgkdjbabelklflpfkooadcfgoao_23.12.0.22.zip,"cookies, nativeMessaging"
/home/minhyuk/Desktop/Download_extension/Extensions/lifestyle/games/dknolpnjpjcckjlcnibkigdfgfljccff_1.zip,None
/home/minhyuk/Desktop/Download_extension/Extensions/productivity/workflow/hlogdcaphbmmgaibldaelbfddnnlcngb_0.0.4.zip,None
/home/minhyuk/Desktop/Download_extension/Extensions/productivity/workflow/dhnagkedjknpmhmdoaggchdefbmbeabk_1.6.zip,None
/home/minhyuk/Desktop/Download_extension/Extensions/productivity/tools/lnfkeeckaiefofihlmnbgcbkfoplhbol_1.0.0.zip,None
/home/minhyuk/Desktop/Download_extension/Extensions/productivity/workflow/ejhdmakccdcnopligneamhkddjcpopff_1.2.zip,None
/home/minhyuk/Desktop/Download_extension/Extensions/lifestyle/social/kelndenfmkgmlcbkckfibgifpdmjhhij_1.1.zip,None
/home/minhyuk/Desktop/Download_extension/Extensions/animals/almgbogddmbcchanbclijiekfjggkmno_1.0.zip,None
/home/minhyuk/Desktop/Download_extension/Extensions/productivity/tools/obolmphhkkpndomegkhpgigkcecbiigo_1.0.zip,None
/home/minhyuk/Desktop/Download_extension/Extensions/nature/glonbijbhedkoodfghipiddoiafcpkel_1.zip,None
/home/minhyuk/Desktop/Download_extension/Extensions/productivity/workflow/kiikcmfglapfbilgdbccdpjkaoiogdko_1.1.zip,None
/home/minhyuk/Desktop/Download_extension/Extensions/productivity/workflow/pfhpglhakbmgnelhfhjgmkfiagbcdamg_1.0.0.zip,None
/home/minhyuk/Desktop/Download_extension/Extensions/productivity/workflow/cficgppodccgdnngonogbgnnibecabgo_1.0.zip,"bookmarks, tabs, management"
/home/minhyuk/Desktop/Download_extension/Extensions/productivity/tools/ppnjhnpamphipkobgebknecdjcgpjfkd_1.0.5.zip,None
/home/minhyuk/Desktop/Download_extension/Extensions/productivity/workflow/gjjchdfpfjbgddgklfkjbeeeoalagcpf_3.0.zip,None
/home/minhyuk/Desktop/Download_extension/Extensions/productivity/developer/apiabgjfojnkcepfmbdechlhfocpeenc_0.6.3.zip,None
/home/minhyuk/Desktop/Download_extension/Extensions/productivity/workflow/pnaedlhkmadjdgjkenjmaepfaiiioocc_1.3.13.zip,tabs
/home/minhyuk/Desktop/Download_extension/Extensions/lifestyle/news/coboafinagolkojamfflnhgiahooogpo_1.0.26.zip,None
/home/minhyuk/Desktop/Download_extension/Extensions/productivity/developer/omacmfialjnoognohplbhhbgpeillekn_0.0.2.zip,debugger
/home/minhyuk/Desktop/Download_extension/Extensions/productivity/workflow/ddembjalhjiblnlfifeldhohmigachhh_1.0.zip,clipboardWrite
/home/minhyuk/Desktop/Download_extension/Extensions/other/ndlhnikhdbnelekgfejbipmaghimhgpk_1.0.zip,None
/home/minhyuk/Desktop/Download_extension/Extensions/productivity/workflow/jloofjcmeejindbohbhiidlokgobjpkn_100.0.7.zip,None
/home/minhyuk/Desktop/Download_extension/Extensions/productivity/developer/aoanhalecjednnapacaopokmbehnohjd_2023.zip,None
/home/minhyuk/Desktop/Download_extension/Extensions/lifestyle/fun/pnbagoiioggnkkbnlkedejhboodhchlb_1.0.zip,None
/home/minhyuk/Desktop/Download_extension/Extensions/productivity/workflow/lehfdkbjieiagnjphoijdnmoknhegigg_1.0.zip,None
/home/minhyuk/Desktop/Download_extension/Extensions/lifestyle/fun/fglnhddfjcgjbhcibfnfimnacigmpmkp_1.0.0.zip,None
/home/minhyuk/Desktop/Download_extension/Extensions/other/hojiamopbpplgjbajamgnodnlhegcmfl_1.0.zip,None
/home/minhyuk/Desktop/Download_extension/Extensions/lifestyle/social/eggdbehenjijmhlbiedecgkehgeilemo_1.0.1.zip,cookies
/home/minhyuk/Desktop/Download_extension/Extensions/productivity/workflow/jpohldhhhjpclbldblabdhkgnjkicflm_1.0.0.zip,None
/home/minhyuk/Desktop/Download_extension/Extensions/productivity/workflow/gdlgapfeojaalkehffdggdaphpfoigea_3.0.0.zip,None
/home/minhyuk/Desktop/Download_extension/Extensions/lifestyle/social/opjjnkenncfhccclamihhkgagcimhkgb_1.1.0.zip,tabs
/home/minhyuk/Desktop/Download_extension/Extensions/productivity/workflow/llcileepjmpofapeelmmlhjhippjdhfd_0.0.3.zip,None
/home/minhyuk/Desktop/Download_extension/Extensions/other/onoeeppkmkcbllpbdncfljakncmddnii_1.0.zip,None
/home/minhyuk/Desktop/Download_extension/Extensions/lifestyle/shopping/pippmdjiglnifkfncaofjemljalmnjif_1.2.zip,None
/home/minhyuk/Desktop/Download_extension/Extensions/productivity/tools/chpddmjeoblobcepckjmpkfeijknnldn_0.7.zip,None
/home/minhyuk/Desktop/Download_extension/Extensions/productivity/workflow/hbhmnegpijmdbjpacncnjegdkieeffag_1.0.3.zip,None
/home/minhyuk/Desktop/Download_extension/Extensions/productivity/workflow/jinnlfmfkikoijdnplkbjfhgpcgmoone_0.1.zip,None
/home/minhyuk/Desktop/Download_extension/Extensions/lifestyle/social/pemkehkbedjlbifdfnbibigfmfompogo_2.0.1.zip,tabs
/home/minhyuk/Desktop/Download_extension/Extensions/games/fiooopiolbgammaglagjbgnoikcblmkk_1.0.zip,None
/home/minhyuk/Desktop/Download_extension/Extensions/productivity/developer/lnpjjeoabgjlmogohnopljcjoignaofa_0.2.2.zip,tabs
/home/minhyuk/Desktop/Download_extension/Extensions/productivity/workflow/mhhilmcffdhieahnjifidhjcgpdooejb_1.0.zip,None
/home/minhyuk/Desktop/Download_extension/Extensions/productivity/workflow/aencebkkkifdfpohaabddabehgolegom_0.4.zip,None
/home/minhyuk/Desktop/Download_extension/Extensions/lifestyle/shopping/eggaiijmdfebpjlldggopkgbkbmlgolc_1.4.1.zip,tabs
/home/minhyuk/Desktop/Download_extension/Extensions/productivity/workflow/efefmblkhfibknkkhllennfdkfnnmjek_0.0.0.2.zip,webRequest
/home/minhyuk/Desktop/Download_extension/Extensions/make_chrome_yours/accessibility/hgdmohbmgiomicklkoajaoeokefefcdh_1.2.2.zip,"webRequest, tabs"
/home/minhyuk/Desktop/Download_extension/Extensions/lifestyle/shopping/eicdhpjniopddhnmecdjbalndbfiebho_2.0.9.zip,cookies
/home/minhyuk/Desktop/Download_extension/Extensions/productivity/tools/mekdnhknkdfiifogdijpnlakjhlodcek_5.1.0.zip,bookmarks
/home/minhyuk/Desktop/Download_extension/Extensions/lifestyle/entertainment/biajbiiinplkgfejipbagnfmbianbfkd_1.0.1.zip,tabs
/home/minhyuk/Desktop/Download_extension/Extensions/entertainment/akfjfgpfiajhinoedokpkpdenebjpjjl_1.1.zip,None
/home/minhyuk/Desktop/Download_extension/Extensions/productivity/education/cghddeepbicpheabhfdbkhpgcphdkblk_1.0.zip,clipboardWrite
/home/minhyuk/Desktop/Download_extension/Extensions/productivity/workflow/hdadofjbdnckpfbmddfkgpnpchcfbpki_1.0.1.zip,None
/home/minhyuk/Desktop/Download_extension/Extensions/productivity/workflow/hdacefdjjccgpfcindjjkjpfhgpoeimk_1.1.zip,tabs
/home/minhyuk/Desktop/Download_extension/Extensions/productivity/developer/heghocibkddmhjjobbbfhdmmnmjeihoo_1.0.0.zip,None
/home/minhyuk/Desktop/Download_extension/Extensions/other/lchoonggogpfkclhgdllnfocmjdbkaca_1.0.zip,None
/home/minhyuk/Desktop/Download_extension/Extensions/productivity/workflow/ionacijjlndncdccgdpnlbcjajicgklc_1.0.2.zip,None
/home/minhyuk/Desktop/Download_extension/Extensions/productivity/workflow/hidnoblbdkccppkplbeenibfihfilkik_4.0.zip,bookmarks
/home/minhyuk/Desktop/Download_extension/Extensions/lifestyle/fun/chdiocfkdadffpdomkbogkaaojggclcf_0.1.zip,None
/home/minhyuk/Desktop/Download_extension/Extensions/lifestyle/art/iaemdnjdgaidchbjanmemffakkooadha_1.0.zip,None
/home/minhyuk/Desktop/Download_extension/Extensions/productivity/workflow/eacdlhdafbpmjohojacamlbhiogcpcbd_1.6.9.zip,tabs
/home/minhyuk/Desktop/Download_extension/Extensions/lifestyle/social/bbhoffkklegabhikdonfnmikegimcgoo_0.0.0.1.zip,None
/home/minhyuk/Desktop/Download_extension/Extensions/productivity/tools/fdoabojpkjopijhpfhapkddbafljjfff_1.0.2.zip,tabs
/home/minhyuk/Desktop/Download_extension/Extensions/lifestyle/fun/jljabmicdahokhbbnfmnaindamcfohcm_0.1.0.zip,None
/home/minhyuk/Desktop/Download_extension/Extensions/productivity/workflow/aeepebmcdnjkjobnhfagojgfonkappej_5.0.0.zip,None
/home/minhyuk/Desktop/Download_extension/Extensions/productivity/workflow/oponnjpnbhdmohlkonljdfhbeibljfoa_1.1.21.zip,tabs
/home/minhyuk/Desktop/Download_extension/Extensions/lifestyle/news/ediflhgcaolkgmfjnhjdkdncidfpobge_0.0.0.1.zip,None
/home/minhyuk/Desktop/Download_extension/Extensions/games/hphpneacjlhalamdpheedpfejhmoodcg_1.0.1.zip,None
/home/minhyuk/Desktop/Download_extension/Extensions/lifestyle/social/dhoepjbkapadpemjjneeefkgifcgfbpj_2.2.zip,None
/home/minhyuk/Desktop/Download_extension/Extensions/lifestyle/fun/mflgijpbakfaofdbfikeokooodeepmel_0.3.6.zip,None
/home/minhyuk/Desktop/Download_extension/Extensions/productivity/workflow/phlpinelnbceflebcdaineniidcecgcb_0.1.zip,None
/home/minhyuk/Desktop/Download_extension/Extensions/productivity/workflow/mokfonabcmhhnohneodilbggkkckipkl_1.0.zip,tabs
/home/minhyuk/Desktop/Download_extension/Extensions/productivity/tools/nmjbgabhcephgidmphjmjilmfmohooea_0.0.0.6.zip,None
/home/minhyuk/Desktop/Download_extension/Extensions/lifestyle/shopping/bkcfajinecpjnckjdogahnhljhkcdada_1.0.2.zip,None
/home/minhyuk/Desktop/Download_extension/Extensions/productivity/workflow/haebcdjghingkcllppmokcikpjjagdii_0.2.1.zip,None
/home/minhyuk/Desktop/Download_extension/Extensions/productivity/workflow/ljdbcnmlkkpkkfclkldgcggppiobeccm_1.zip,None
/home/minhyuk/Desktop/Download_extension/Extensions/nature/glgnapcblhbegihbgnlogfdghoaipile_1.0.zip,None
/home/minhyuk/Desktop/Download_extension/Extensions/nature/bfkgoijglmjjoeongkjolfgcdffcbjki_1.0.zip,None
/home/minhyuk/Desktop/Download_extension/Extensions/lifestyle/shopping/accllpimnoffllpeblphooameaofhnah_0.1.16.zip,"cookies, webRequest, tabs"
/home/minhyuk/Desktop/Download_extension/Extensions/lifestyle/fun/pdmnhfjkmgjoefnogofehdnneklnonak_0.1.zip,None
/home/minhyuk/Desktop/Download_extension/Extensions/productivity/tools/gfbpjgldmfdbbjffkejclfihhlmplcfj_1.1.zip,None
/home/minhyuk/Desktop/Download_extension/Extensions/productivity/tools/mfhmcnemllapebbjmgjidncbimcnhkie_1.0.zip,downloads
/home/minhyuk/Desktop/Download_extension/Extensions/lifestyle/shopping/jceplpdpflofccjjkokfjgflahapgekl_1.0.9.zip,"cookies, tabs"
/home/minhyuk/Desktop/Download_extension/Extensions/lifestyle/games/dlbjchffggckhkkgfkkalhnadfmlbalj_0.1.1.zip,None
/home/minhyuk/Desktop/Download_extension/Extensions/lifestyle/social/jmcfochmlllnpmmclffbdfgckgaaiobe_0.0.0.1.zip,None
/home/minhyuk/Desktop/Download_extension/Extensions/productivity/tools/paemokhdchkegpjepiablcjnpllfbdhe_1.0.8.zip,None
/home/minhyuk/Desktop/Download_extension/Extensions/productivity/tools/dddcjbcpaooepjaeeikkmkfplbpcobmf_0.2.3.zip,None
/home/minhyuk/Desktop/Download_extension/Extensions/productivity/developer/hjckmeeoamkjlfljoddpmblkbmbiaigf_1.1.zip,None
/home/minhyuk/Desktop/Download_extension/Extensions/lifestyle/shopping/hjimmklopenmealinniilgohbmglfooi_1.3.10.zip,tabs
/home/minhyuk/Desktop/Download_extension/Extensions/productivity/developer/apflonjgaacaipfnichljodofigiobhb_0.0.1.zip,None
/home/minhyuk/Desktop/Download_extension/Extensions/productivity/developer/epndoneeciikmcedfghlglccfnfcfglh_1.1.1.zip,cookies
/home/minhyuk/Desktop/Download_extension/Extensions/lifestyle/social/injfdkhoambnmbignljneolhkohkikgl_0.1.zip,None
/home/minhyuk/Desktop/Download_extension/Extensions/lifestyle/social/bkecghohjcfpollkjjfodpahfbcgicde_1.0.zip,None
/home/minhyuk/Desktop/Download_extension/Extensions/productivity/developer/kjlobohamcahepbjhcnjhhpdgmhjkjli_1.0.6.zip,None
/home/minhyuk/Desktop/Download_extension/Extensions/productivity/developer/nmemhfgjhnfmckacjippmiconfgoaamj_0.0.0.4.zip,downloads
/home/minhyuk/Desktop/Download_extension/Extensions/productivity/developer/lcmmbpcakinnpicnndhhmnapkkngbckd_1.1.0.zip,None
/home/minhyuk/Desktop/Download_extension/Extensions/productivity/workflow/iccobiiifcfnhefjkmcpblpbbiphhpgp_22.06.02.zip,None
/home/minhyuk/Desktop/Download_extension/Extensions/lifestyle/social/bcocdbombenodlegijagbhdjbifpiijp_28.1.3.zip,cookies
/home/minhyuk/Desktop/Download_extension/Extensions/productivity/tools/afchopchpbfinbcchdmigbfcpfjfomkm_1.1.0.zip,None
/home/minhyuk/Desktop/Download_extension/Extensions/productivity/workflow/negiomjalofpcligekhbgaifppclaaog_1.0.zip,None
/home/minhyuk/Desktop/Download_extension/Extensions/lifestyle/art/ppidlhfhfjafihcnbahjonnoijhiembh_1.1.0.zip,tabs
/home/minhyuk/Desktop/Download_extension/Extensions/productivity/tools/ikhfjcblifajenpjbjldmbcbdmjeolpo_2.0.zip,None
/home/minhyuk/Desktop/Download_extension/Extensions/productivity/workflow/ilelhlenedoaffmpdbfoijlnfaeigfpb_1.0.3.5.zip,None
/home/minhyuk/Desktop/Download_extension/Extensions/lifestyle/social/mjallbknancbdmflofgcplnglpfimhnj_2.1.zip,tabs
/home/minhyuk/Desktop/Download_extension/Extensions/productivity/tools/omkploefogjgloldmgphdkdbpfbabddd_0.0.2.zip,None
/home/minhyuk/Desktop/Download_extension/Extensions/productivity/education/fkghopacecghkmmhjhdhkcjlklbllmhc_1.2.zip,tabs
/home/minhyuk/Desktop/Download_extension/Extensions/art/oonkjpigapiknmlajapldaffkembfgap_1.0.zip,None
/home/minhyuk/Desktop/Download_extension/Extensions/productivity/workflow/igpmccnfdgkfbgdmnamhlphegclidlbk_1.0.2.zip,downloads
/home/minhyuk/Desktop/Download_extension/Extensions/lifestyle/social/ofgkapgknohidfogciopghkohoabgbam_1.1.zip,None
/home/minhyuk/Desktop/Download_extension/Extensions/lifestyle/games/jfhonbapgjbednmefcmbgnjabhhnibbk_1.0.0.zip,None
/home/minhyuk/Desktop/Download_extension/Extensions/productivity/workflow/gikieikejljogkfjbijjplfhbmhbmfkf_1.1.zip,None
/home/minhyuk/Desktop/Download_extension/Extensions/productivity/tools/fnfihpmmbeeibbnkegfmmcjkiogoebme_1.1.5.zip,None
/home/minhyuk/Desktop/Download_extension/Extensions/productivity/developer/kdchfpnbblcmofemnhnckhjfjndcibej_1.0.1.zip,downloads
/home/minhyuk/Desktop/Download_extension/Extensions/nature/keikhcnhjeklhkpdeaacmeomcafpoeed_1.0.zip,None
/home/minhyuk/Desktop/Download_extension/Extensions/lifestyle/fun/dfdfjcfajgbmcecfohciilepidcilppl_2.20.zip,None
/home/minhyuk/Desktop/Download_extension/Extensions/other/nijmbcdpgckcddfkgohhagbpiopdmmcd_1.0.zip,None
/home/minhyuk/Desktop/Download_extension/Extensions/productivity/workflow/kmbofkenjncfapkighkijhmeelkgnldo_1.2.5.zip,tabs
/home/minhyuk/Desktop/Download_extension/Extensions/productivity/education/mlhofhddnebfkjoialgecpehddcpmipf_1.3.zip,tabs
/home/minhyuk/Desktop/Download_extension/Extensions/productivity/tools/eknklfmpancpjepiepnopoedekiifklh_0.5.0.zip,None
/home/minhyuk/Desktop/Download_extension/Extensions/productivity/tools/eplbdepeknnmfphebjlgnhijimcaiffk_1.1.zip,tabs
/home/minhyuk/Desktop/Download_extension/Extensions/productivity/education/cgeddmfhnoonnegcmjllmjjndpgipdmj_1.0.zip,None
/home/minhyuk/Desktop/Download_extension/Extensions/productivity/workflow/dfckchceomnbpfnehijdneobbfkmnafg_1.2.zip,"cookies, tabs"
/home/minhyuk/Desktop/Download_extension/Extensions/productivity/education/ndnbpbolkacjjcjhmgfoleilolocmnhg_1.1.0.zip,"cookies, tabs"
/home/minhyuk/Desktop/Download_extension/Extensions/lifestyle/social/bcapkjdflmojjmfhdkofiichkncdglkd_1.0.0.zip,None
/home/minhyuk/Desktop/Download_extension/Extensions/lifestyle/fun/gaplajbgemfaknneedanchfgaocdenhk_1.0.zip,clipboardWrite
/home/minhyuk/Desktop/Download_extension/Extensions/productivity/workflow/fehcbmngdgagfalpnfphdhojfdcoblgc_1.11.3.zip,None
/home/minhyuk/Desktop/Download_extension/Extensions/other/nhhakjbdlgcgkjpkkpdamoppipmcofnl_1.0.zip,None
/home/minhyuk/Desktop/Download_extension/Extensions/lifestyle/fun/lmmljiodanlnbmcmdbhikjcognckoalj_1.1.0.zip,None
/home/minhyuk/Desktop/Download_extension/Extensions/productivity/tools/epaaodcghkihihignoagkngagbnenlem_1.1.0.zip,tabs
/home/minhyuk/Desktop/Download_extension/Extensions/productivity/tools/oaejldhnfhcaldfpennnohdkogamemdk_1.0.1.zip,tabs
/home/minhyuk/Desktop/Download_extension/Extensions/lifestyle/social/iajpenjgdicpeeoemaeeeefolahoblgg_3.2.zip,tabs
/home/minhyuk/Desktop/Download_extension/Extensions/make_chrome_yours/functionality/jppjhapkichoejeceiadkbpjffbblppg_1.0.zip,tabs
/home/minhyuk/Desktop/Download_extension/Extensions/productivity/tools/jmofbpiblkickckhhfbniclkodhiomjn_1.0.zip,tabs
/home/minhyuk/Desktop/Download_extension/Extensions/productivity/workflow/knooimelchgpbpblfhlgkdifnabcolin_1.2.zip,None
/home/minhyuk/Desktop/Download_extension/Extensions/productivity/tools/oghimpfblejlggkilihglgbfhkmkjlel_0.0.9.zip,None
/home/minhyuk/Desktop/Download_extension/Extensions/productivity/workflow/lekicljlfecboidmmpeidlohkbbagdic_0.0.0.1.zip,None
/home/minhyuk/Desktop/Download_extension/Extensions/productivity/workflow/iajafhoaenbbggpaicppbgaadgdgjcgd_1.0.0.zip,"history, bookmarks"
/home/minhyuk/Desktop/Download_extension/Extensions/lifestyle/fun/kmjockgnaaolnepjkbclpmfgojmhhnem_1.0.4.zip,None
/home/minhyuk/Desktop/Download_extension/Extensions/productivity/developer/offpnjldifddbopdmimolhcjniloicin_1.3.0.zip,None
/home/minhyuk/Desktop/Download_extension/Extensions/make_chrome_yours/accessibility/bnggohgfcbpbanafhghbhapmfpacophp_0.3.zip,None
/home/minhyuk/Desktop/Download_extension/Extensions/productivity/workflow/cmimekokohcpcilgeelcenpcaihinkoa_1.0.2.zip,tabs
/home/minhyuk/Desktop/Download_extension/Extensions/lifestyle/art/mimlkmcnehkeijoijgbojofejmmikdad_1.0.0.zip,None
/home/minhyuk/Desktop/Download_extension/Extensions/art/ipjgjeidnhcjebnofmakiejfbepojenc_1.0.0.zip,None
/home/minhyuk/Desktop/Download_extension/Extensions/lifestyle/social/hapackcnjagkljgfjlgonohbabnfgopc_1.0.3.zip,None
/home/minhyuk/Desktop/Download_extension/Extensions/lifestyle/fun/hmddfalndciigbdmikpibaleammmkcbm_1.3.zip,None
/home/minhyuk/Desktop/Download_extension/Extensions/make_chrome_yours/accessibility/dfenamognkbagmjcpojkmaofaddocagm_0.0.7.zip,None
/home/minhyuk/Desktop/Download_extension/Extensions/productivity/tools/odpbodnlmkkkoeghddnpnckjmjeeoiel_1.5.zip,None
/home/minhyuk/Desktop/Download_extension/Extensions/productivity/tools/abohkhpiikhciflhojmdnongnageicem_1.0.zip,downloads
/home/minhyuk/Desktop/Download_extension/Extensions/productivity/workflow/oboljgbapojiekilpgoekllfonhjgfoo_2.1.0.zip,None
/home/minhyuk/Desktop/Download_extension/Extensions/lifestyle/social/nplmkjegckhkkmbmebinmofnijhmomao_1.0.4.zip,None
/home/minhyuk/Desktop/Download_extension/Extensions/make_chrome_yours/accessibility/ijlcoehenbpgjeepmgnlccidiioiiack_1.2.zip,tabs
/home/minhyuk/Desktop/Download_extension/Extensions/space/lpgklkoogpmcfgpmdjfgnkjpfkcinebn_1.zip,None
/home/minhyuk/Desktop/Download_extension/Extensions/productivity/tools/bjacddoljhbhgagfhbdacckecocnkilo_3.0.2 b965a3b5.zip,None
/home/minhyuk/Desktop/Download_extension/Extensions/lifestyle/fun/gjeekihbgondejcgbkgkmiidfdhpjdaf_1.0.2.zip,None
/home/minhyuk/Desktop/Download_extension/Extensions/lifestyle/social/ealccodpccohlkhcpphlbbhdaphoaalo_5.7.zip,None
/home/minhyuk/Desktop/Download_extension/Extensions/productivity/workflow/ibikekpegleodnlnadnogjlkhocfejga_0.2.zip,None
/home/minhyuk/Desktop/Download_extension/Extensions/productivity/workflow/hpifhhbpfinncngkikdombfilamngefm_0.0.1.zip,None
/home/minhyuk/Desktop/Download_extension/Extensions/productivity/workflow/lccbppafepjohmahdgeealgkllphabfg_1.1.zip,None
/home/minhyuk/Desktop/Download_extension/Extensions/productivity/workflow/dccekhlkeelgmhmkihknmdlomdomibpk_1.0.4.zip,None
/home/minhyuk/Desktop/Download_extension/Extensions/lifestyle/social/kameoffpdojokbapbeafbgohebphglkp_0.0.1.zip,None
/home/minhyuk/Desktop/Download_extension/Extensions/productivity/workflow/gpifhefjbccffjdmiaocolikdgcjbmoo_1.5.0.zip,None
/home/minhyuk/Desktop/Download_extension/Extensions/productivity/workflow/pkbebgmmphlfijclnkgilahigdadbacm_2.0.0.zip,None
/home/minhyuk/Desktop/Download_extension/Extensions/lifestyle/art/nlhfmlbkfpegincjogjndnnfmhheippf_1.2.zip,None
/home/minhyuk/Desktop/Download_extension/Extensions/productivity/tools/pmkpbiiegdfbpmgkmhekajombhjojicf_1.2.zip,None
/home/minhyuk/Desktop/Download_extension/Extensions/colors/kaimlbekdhhgkcoganmdoooakdojngal_1.0.zip,None
/home/minhyuk/Desktop/Download_extension/Extensions/productivity/tools/aajdpnddighfkoojpehimelpimakjkoi_1.0.3.zip,None
/home/minhyuk/Desktop/Download_extension/Extensions/lifestyle/news/ldipcbiihbfjonainibmoiggbolhgodo_0.4.zip,None
/home/minhyuk/Desktop/Download_extension/Extensions/entertainment/njcjoepellmbjafobfgohmhmalnmeeak_1.0.zip,None
/home/minhyuk/Desktop/Download_extension/Extensions/productivity/workflow/mgbfnndcklehejknkddjfjjhobkllinj_1.0.0.zip,None
/home/minhyuk/Desktop/Download_extension/Extensions/productivity/tools/epleehoimjhfndhecgchgfcdmhjanhbi_1.3.zip,None
/home/minhyuk/Desktop/Download_extension/Extensions/lifestyle/fun/gcdgnmpmbngdkpbgimbmhdpeneghbnoo_1.3.zip,downloads
/home/minhyuk/Desktop/Download_extension/Extensions/productivity/workflow/jlgkpaicikihijadgifklkbpdajbkhjo_6.1.5.zip,"clipboardRead, webRequest, clipboardWrite, tabs, bookmarks"
/home/minhyuk/Desktop/Download_extension/Extensions/productivity/workflow/oeanmebfgjdgmelhfphfcfodfinfiaho_1.0.5.zip,tabs
/home/minhyuk/Desktop/Download_extension/Extensions/productivity/tools/gffpgogeokibdieebkhajmpoclhedanm_1.0.0.zip,None
/home/minhyuk/Desktop/Download_extension/Extensions/lifestyle/art/moekdimhaipaghfhmbgdmjealokpcemb_1.5.1.zip,None
/home/minhyuk/Desktop/Download_extension/Extensions/lifestyle/art/kmhbckjkipmonmmhgbjgfjfkjdnjgkpc_5.4.13.zip,None
/home/minhyuk/Desktop/Download_extension/Extensions/productivity/developer/ejlhhbfihnkfnfclppcbhmgikioleige_0.5.2.zip,None
/home/minhyuk/Desktop/Download_extension/Extensions/productivity/tools/dcjhkebbckbpfanohpajbjlmohhkmbjb_1.0.0.zip,None
/home/minhyuk/Desktop/Download_extension/Extensions/productivity/developer/clphejlgpdmjgbnkpjaibcikjgbbicnc_1.2.1.zip,None
/home/minhyuk/Desktop/Download_extension/Extensions/art/jlbhlpdgbcpfhgplgnecikcligbbgicj_1.0.zip,None
/home/minhyuk/Desktop/Download_extension/Extensions/productivity/tools/dldfplbilhbgbibelmfnepgbmhebdhmj_1.0.zip,None
/home/minhyuk/Desktop/Download_extension/Extensions/minimalist/kfclhjcaaplbaofmldfnimfgnaekccik_1.0.zip,None
/home/minhyuk/Desktop/Download_extension/Extensions/animals/hgncojdljelljidempnpdamblglhgbed_1.0.zip,None
/home/minhyuk/Desktop/Download_extension/Extensions/lifestyle/travel/ddphngenfdnminmmfmhoblblnlcglkgl_1.2.4.zip,None
/home/minhyuk/Desktop/Download_extension/Extensions/lifestyle/shopping/cpddcepcpfnlnfhhmaicblapegifnmic_3.0.zip,None
/home/minhyuk/Desktop/Download_extension/Extensions/nature/akafogaellpbfefajknoaaflfpdljfdk_1.0.zip,None
/home/minhyuk/Desktop/Download_extension/Extensions/productivity/developer/gmajojmdekkkahfnpbkbjkkadigopfaj_1.0.zip,None
/home/minhyuk/Desktop/Download_extension/Extensions/productivity/developer/doohefknjoeeaonpienmknafjmccgkpm_0.0.3.zip,None
/home/minhyuk/Desktop/Download_extension/Extensions/productivity/workflow/dheionainndbbpoacpnopgmnihkcmnkl_9.0.22.zip,None
/home/minhyuk/Desktop/Download_extension/Extensions/productivity/education/fdhbandaekkdmkfikibanmebnkabdlcg_1.0.7.zip,tabs
/home/minhyuk/Desktop/Download_extension/Extensions/make_chrome_yours/accessibility/hiagdmggfdceojcpbnjeelkcmmmbjdkp_3.0.zip,tabs
/home/minhyuk/Desktop/Download_extension/Extensions/productivity/workflow/akjgeilpciajekhdkkomclnkmbapmfld_3.3.0.1000.zip,"bookmarks, tabs"
/home/minhyuk/Desktop/Download_extension/Extensions/make_chrome_yours/accessibility/ilcdkmgajobpoeemenhnncagcjemnaco_1.2.zip,None
/home/minhyuk/Desktop/Download_extension/Extensions/nature/dgklaeijceljebaghdmlhlopfokhegpg_1.0.zip,None
/home/minhyuk/Desktop/Download_extension/Extensions/productivity/workflow/jnhbbkmdjdehejoajlcjhcdlofkchcbj_1.0.4.zip,"webRequest, tabs, webRequestBlocking"
/home/minhyuk/Desktop/Download_extension/Extensions/productivity/workflow/aemdomppaeodijdflhkkbdbjeplclkpa_1.0.zip,None
/home/minhyuk/Desktop/Download_extension/Extensions/productivity/workflow/ceeioojdiphednhklagalhbmpoefllne_1.2.zip,None
/home/minhyuk/Desktop/Download_extension/Extensions/lifestyle/art/dhhmlkhlndebglfokofodmpojiejhahm_1.0.zip,None
/home/minhyuk/Desktop/Download_extension/Extensions/productivity/tools/gdkcbbngmohiidfglgfcfnkjiefjifbh_1.1.0.zip,None
/home/minhyuk/Desktop/Download_extension/Extensions/productivity/workflow/koidpmicflkfdkkbhoalljjknjeehlph_2.0.zip,None
/home/minhyuk/Desktop/Download_extension/Extensions/lifestyle/shopping/bemfclgkakebamdophbbkkhffiongdgp_1.2.2.zip,None
/home/minhyuk/Desktop/Download_extension/Extensions/lifestyle/fun/fmnbendpgeigfbbggclcongjkmpjnina_1.0.3.zip,None
/home/minhyuk/Desktop/Download_extension/Extensions/productivity/developer/gcngciildkejiapchdgpcniflijoiadf_1.0.0.1.zip,None
/home/minhyuk/Desktop/Download_extension/Extensions/lifestyle/shopping/lehefgdcbjblgecfejjjofkpfjpemflm_0.1.zip,None
/home/minhyuk/Desktop/Download_extension/Extensions/productivity/developer/keokgjdhpcjljbijodliijikjgemkgpa_1.2.2.zip,None
/home/minhyuk/Desktop/Download_extension/Extensions/productivity/workflow/lnbchhenmafpamkhdmkofphjmbbfapco_1.01.zip,None
/home/minhyuk/Desktop/Download_extension/Extensions/lifestyle/entertainment/pjjbhdpkpjijodmipfcbeinocffcleap_0.0.3.zip,None
/home/minhyuk/Desktop/Download_extension/Extensions/productivity/workflow/cbegkpikakpajcaoblfkeindhhikpfmd_0.4.zip,tabs
/home/minhyuk/Desktop/Download_extension/Extensions/productivity/tools/hnjinmegkjhpjjicopoocecdcnfefbbi_2.3.zip,None
/home/minhyuk/Desktop/Download_extension/Extensions/productivity/workflow/kemdbnemacliedmfnapnaddnaeapoggp_1.0.zip,None
/home/minhyuk/Desktop/Download_extension/Extensions/lifestyle/well_being/fggfaomepldilkjeadjcobamhnbahkjj_1.0.6.zip,None
/home/minhyuk/Desktop/Download_extension/Extensions/productivity/developer/gnonenpkkhngjcpilegkmajnjicpjmpd_0.9.11.zip,cookies
/home/minhyuk/Desktop/Download_extension/Extensions/lifestyle/social/gnfjeeifejjdcpjijeggdaogpjejjmef_1.1.zip,None
/home/minhyuk/Desktop/Download_extension/Extensions/lifestyle/fun/mpojdpplillagokjfkgokdkdkbmmcike_1.0.0.zip,None
/home/minhyuk/Desktop/Download_extension/Extensions/productivity/workflow/ckhfdghjhdofhjbahifpmdkafmhgfbjj_1.0.19.1616038526.zip,None
/home/minhyuk/Desktop/Download_extension/Extensions/productivity/workflow/dcjhpdinjgchhnhbginhajllbbekfonk_1.0.zip,None
/home/minhyuk/Desktop/Download_extension/Extensions/productivity/developer/dnhcogggodnfhnnfimapejbkkihmflaa_1.2.0.zip,None
/home/minhyuk/Desktop/Download_extension/Extensions/productivity/tools/ddhailnbodajnflekpkmkpglocmendfp_2.2.zip,tabs
/home/minhyuk/Desktop/Download_extension/Extensions/productivity/workflow/pomlcckbphmgddbhchkpehnfkegaenke_0.2.zip,tabs
/home/minhyuk/Desktop/Download_extension/Extensions/productivity/workflow/fghkadhbongjfdmonalifpgifdkkpfpn_1.0.0.zip,None
/home/minhyuk/Desktop/Download_extension/Extensions/productivity/workflow/eejgepjkdgofjjekodcceamlokmchpko_1.1.0.zip,None
/home/minhyuk/Desktop/Download_extension/Extensions/lifestyle/fun/hgoacnagoneapppdjmamhbeelgncojfj_1.0.9.zip,None
/home/minhyuk/Desktop/Download_extension/Extensions/lifestyle/social/mdkkanklnlfadnnglcjimimgojldcpag_1.0.zip,None
/home/minhyuk/Desktop/Download_extension/Extensions/lifestyle/fun/ahhgcbfgnkpnamkeolekecpododlhegf_1.0.0.zip,None
/home/minhyuk/Desktop/Download_extension/Extensions/other/jgfajjicjnlegjckencakmfhcmibdlpb_1.0.zip,None
/home/minhyuk/Desktop/Download_extension/Extensions/productivity/tools/bocecfgiliggfjjnkgolpekipdjbhlcm_1.0.zip,None
/home/minhyuk/Desktop/Download_extension/Extensions/make_chrome_yours/accessibility/addogalmgkmjfbmgdnkijokekniicnpa_1.0.zip,None
/home/minhyuk/Desktop/Download_extension/Extensions/productivity/workflow/idebjghacbolldnhgajeoloklkhkgdhc_0.0.3.zip,None
/home/minhyuk/Desktop/Download_extension/Extensions/productivity/workflow/dbkckkjpjeoknaogfcemfchjijdpocfl_2.3.zip,tabs
/home/minhyuk/Desktop/Download_extension/Extensions/productivity/workflow/bafffofgkhnjkbhlbbofconbfecknejm_0.2.zip,None
/home/minhyuk/Desktop/Download_extension/Extensions/productivity/workflow/dafkkimnoemanmhikhkpbfaahfhjgdnb_1.1.1.zip,tabs
/home/minhyuk/Desktop/Download_extension/Extensions/colors/gkkfoahbnaihfbhlljopnopgkaocclmi_1.0.zip,None
/home/minhyuk/Desktop/Download_extension/Extensions/productivity/workflow/dnpdchffdnnmoffjiencjeaahpbalcfc_1.2.zip,None
/home/minhyuk/Desktop/Download_extension/Extensions/make_chrome_yours/accessibility/jbbfjepmodndibhhmpjjcakjhibacgho_1.2.0.zip,None
/home/minhyuk/Desktop/Download_extension/Extensions/productivity/workflow/ebpgbpnccddgdkiobopbfiijonjbmpnl_1.0.1.zip,webRequest
/home/minhyuk/Desktop/Download_extension/Extensions/nature/offakekhfncmoooadaafcnflampihplh_1.0.zip,None
/home/minhyuk/Desktop/Download_extension/Extensions/productivity/workflow/ciegaecmhoindbfnfpgiohoonbpmjnle_0.1.2.zip,None
/home/minhyuk/Desktop/Download_extension/Extensions/productivity/tools/cojjciklkiaagcmcihgkcohcfcpemfje_1.0.zip,clipboardWrite
/home/minhyuk/Desktop/Download_extension/Extensions/productivity/tools/gpfafllpahmdkcafjbnbcoeiiahmnfej_0.5.zip,"history, bookmarks"
/home/minhyuk/Desktop/Download_extension/Extensions/make_chrome_yours/functionality/mglddceojacphcfhcgmedhkplfehiabg_0.0.4.zip,None
/home/minhyuk/Desktop/Download_extension/Extensions/lifestyle/fun/ddcgglajngcjimgbfhencpkpbkocfilb_0.1.2.zip,None
/home/minhyuk/Desktop/Download_extension/Extensions/productivity/workflow/ehpomalhbdabpiijhpbcpfjiihnjhnmg_1.2.zip,None
/home/minhyuk/Desktop/Download_extension/Extensions/dark/pngmfecccogoflnddpdiecjgidmeodgo_1.0.zip,None
/home/minhyuk/Desktop/Download_extension/Extensions/lifestyle/social/aigllmlnbjkmoionidfjkbljebahaiib_1.0.3.zip,"webRequest, tabs"
/home/minhyuk/Desktop/Download_extension/Extensions/nature/odfdhacmbionbjgohkndadnfligoolfa_1.0.zip,None
/home/minhyuk/Desktop/Download_extension/Extensions/lifestyle/social/elnpfaoipdfdhikjacbpcfhpnehjjaii_17.1.1.zip,proxy
/home/minhyuk/Desktop/Download_extension/Extensions/productivity/tools/dmpckmaliambaalbnkmgdgmblafdchli_1.3.zip,None
/home/minhyuk/Desktop/Download_extension/Extensions/productivity/workflow/nmjbmkdglkadcnmldkplgaahpplplkhg_3.3.zip,None
/home/minhyuk/Desktop/Download_extension/Extensions/productivity/tools/mmfgbjodfoknnfknlpjofenajlnlkeee_1.0.zip,tabs
/home/minhyuk/Desktop/Download_extension/Extensions/productivity/workflow/jbebhapignfnahiojjdnfpglbfjlacma_1.0.2.zip,None
/home/minhyuk/Desktop/Download_extension/Extensions/productivity/developer/jehdelbjiahkbdgapngnojlancioidoo_3.0.zip,None
/home/minhyuk/Desktop/Download_extension/Extensions/productivity/tools/cblhanehfpljakpeihpepdehkchpafig_1.1.4.zip,"cookies, tabs"
/home/minhyuk/Desktop/Download_extension/Extensions/make_chrome_yours/accessibility/pafdeooknjcoioigocnfjeagdaaipiok_0.0.12.zip,None
/home/minhyuk/Desktop/Download_extension/Extensions/productivity/workflow/eckknmnfoohbeklmjlidmfdlakndcfkm_2.1.0.zip,tabs
/home/minhyuk/Desktop/Download_extension/Extensions/productivity/tools/bljmmndpjhodogkfenjjlnbfhnonjlhn_1.0.3.zip,None
/home/minhyuk/Desktop/Download_extension/Extensions/productivity/tools/poenkonnhnbanhfgjcikagppfknohfho_1.0.0.zip,None
/home/minhyuk/Desktop/Download_extension/Extensions/nature/fdkpdmkknfknniobnpdngadbjnnapbmk_1.0.0.zip,None
/home/minhyuk/Desktop/Download_extension/Extensions/productivity/workflow/jbfgmfpakhabhhpefblmehnadjjkadna_1.1.6.zip,None
/home/minhyuk/Desktop/Download_extension/Extensions/art/mnknmpdilndpcnjlfphpljnfdkclgcel_1.0.zip,None
/home/minhyuk/Desktop/Download_extension/Extensions/productivity/workflow/hicchmdfaadkadnmmkdjmcilgaplfeoa_0.2.19.zip,"cookies, webRequest"
/home/minhyuk/Desktop/Download_extension/Extensions/productivity/workflow/jfnjckhmnnncmfibgcehfjdklmgkfiio_0.0.1.0.zip,"tabs, downloads"
/home/minhyuk/Desktop/Download_extension/Extensions/make_chrome_yours/privacy/nkgpolbebpommipioknficdaedjjpgmn_Beta 1.1.4.zip,"proxy, webRequest, tabs"
/home/minhyuk/Desktop/Download_extension/Extensions/make_chrome_yours/accessibility/fpeifbebfjeoaiomiafdppodhpnfgbhc_0.1.zip,history
/home/minhyuk/Desktop/Download_extension/Extensions/make_chrome_yours/accessibility/oehohhidggkpbmmbbelljbmngokfpcnf_3.5.zip,None
/home/minhyuk/Desktop/Download_extension/Extensions/productivity/developer/pdaociefbdibmlmebaflgmjilnljkcpn_1.5.zip,tabs
/home/minhyuk/Desktop/Download_extension/Extensions/make_chrome_yours/accessibility/becihkllmlkpkpncebpneaeecamcmfhd_1.1.zip,None
/home/minhyuk/Desktop/Download_extension/Extensions/other/hejgjdmgbglacjjhcnkhbjofncpeoodd_1.0.zip,None
/home/minhyuk/Desktop/Download_extension/Extensions/productivity/workflow/lanhkejdapealnnaghpejkbephagnmjm_0.1.3.zip,None
/home/minhyuk/Desktop/Download_extension/Extensions/productivity/workflow/gjchfbohkdjhapdpgmfmijlgngjcjmpf_0.0.0.23.zip,None
/home/minhyuk/Desktop/Download_extension/Extensions/make_chrome_yours/accessibility/gbfiomeamfkbfngolbmjdohlllbimpnd_1.0.8.zip,None
/home/minhyuk/Desktop/Download_extension/Extensions/lifestyle/fun/epheodklhfjemdfhlofhekhkojmnfcie_10.19.241.43.zip,None
/home/minhyuk/Desktop/Download_extension/Extensions/productivity/tools/cleocobgmkpgofgjmimepcijlihmdglc_1.0.8.zip,None
/home/minhyuk/Desktop/Download_extension/Extensions/productivity/tools/ooaolokpmaegijiojfepfiojnihnppih_0.0.4.zip,None
/home/minhyuk/Desktop/Download_extension/Extensions/lifestyle/social/fbkobdcckhcgleanepepnfaficicaogg_1.2.zip,None
/home/minhyuk/Desktop/Download_extension/Extensions/lifestyle/news/golpfblpgcmfldiailckaokblklhflce_0.1.zip,None
/home/minhyuk/Desktop/Download_extension/Extensions/animals/bpbhpfkmjjpfbljeahodckmgpdblfbni_1.0.0.zip,None
/home/minhyuk/Desktop/Download_extension/Extensions/productivity/tools/pkgnakbhlladihkaedolkimbjmnefkcg_1.6.0.zip,"tabs, downloads"
/home/minhyuk/Desktop/Download_extension/Extensions/productivity/developer/neffohcmfpeihfialccgmefkdbiojnge_1.0.0.zip,None
/home/minhyuk/Desktop/Download_extension/Extensions/productivity/workflow/hkfgcimbcdngoekajjianmgelbhlckch_0.0.2.zip,None
/home/minhyuk/Desktop/Download_extension/Extensions/make_chrome_yours/functionality/eppaggdanbdjpkjoinaclhanedkdijcd_0.2.0.zip,None
/home/minhyuk/Desktop/Download_extension/Extensions/productivity/tools/ljgjcimndppiojghmlofccojajkhglpg_1.0.1.zip,tabs
/home/minhyuk/Desktop/Download_extension/Extensions/productivity/developer/cfpcbacfhebmjmdpaeekehbljcocikbb_1.1.2.zip,None
/home/minhyuk/Desktop/Download_extension/Extensions/productivity/developer/odndhpbcpooebmlohkpaoifaigimngck_1.1.zip,None
/home/minhyuk/Desktop/Download_extension/Extensions/other/lfpbcilbbbmefhjfjajkklgcemmpogei_1.0.0.zip,None
/home/minhyuk/Desktop/Download_extension/Extensions/productivity/workflow/bfkihilfmmfmadafdjjdcfdfcpicpkkp_2.3.1.zip,tabs
/home/minhyuk/Desktop/Download_extension/Extensions/productivity/developer/jmdjoliiaibifkklhipgmnciiealomhd_0.3.0.zip,None
/home/minhyuk/Desktop/Download_extension/Extensions/productivity/workflow/eapedfijdadehfmghgfdnanjlpfpognl_0.0.5.21.zip,tabs
/home/minhyuk/Desktop/Download_extension/Extensions/productivity/tools/mhbadkjcgoaikhkjnickfgoeldpbhcdg_1.2.zip,tabs
/home/minhyuk/Desktop/Download_extension/Extensions/productivity/workflow/jnbmlfdhlphdndmeelkeabefjbmfpcap_1.0.2.zip,None
/home/minhyuk/Desktop/Download_extension/Extensions/lifestyle/shopping/joajiaajniflcecibehibjifcfeglbeo_2.0.0.zip,"cookies, tabs"
/home/minhyuk/Desktop/Download_extension/Extensions/productivity/tools/kiicipklenfdgmhdebhbimbjcflpeidk_1.0.zip,None
/home/minhyuk/Desktop/Download_extension/Extensions/productivity/tools/phpcmmnjmnnmkdekfidfhfelkmehmmjd_1.1.3.zip,None
/home/minhyuk/Desktop/Download_extension/Extensions/productivity/workflow/mgcjpkgkkaddicppnahnjpjghhipdlac_2.0.zip,None
/home/minhyuk/Desktop/Download_extension/Extensions/productivity/workflow/ananhmnkepfflgfdklgcdpgdngejokkn_1.2.4.zip,None
/home/minhyuk/Desktop/Download_extension/Extensions/lifestyle/news/ffbcdgcfkjmnjojcfepefdidjdkioggl_0.3.zip,tabs
/home/minhyuk/Desktop/Download_extension/Extensions/productivity/workflow/pfeodmbhcibdodceigbdnjigcbendgdh_1.0.zip,None
/home/minhyuk/Desktop/Download_extension/Extensions/lifestyle/social/ocbmhhefncmjmcecjcpnihpglmfcpioc_3.3.5.zip,tabs
/home/minhyuk/Desktop/Download_extension/Extensions/productivity/developer/bkaobenmjnofbffpjofijaobnpbhlana_3.0.5.zip,None
/home/minhyuk/Desktop/Download_extension/Extensions/productivity/workflow/lpgijibmbphcgmkpmnahidilcfklneje_0.9.zip,debugger
/home/minhyuk/Desktop/Download_extension/Extensions/make_chrome_yours/accessibility/mnbcceelocmmeahnedmidelhpbapmfli_0.2.1.zip,None
/home/minhyuk/Desktop/Download_extension/Extensions/productivity/developer/gdfneoobnagekdppdhnlcppmonhhoilm_0.0.1.zip,None
/home/minhyuk/Desktop/Download_extension/Extensions/art/kjdjjdnjjmefndcjpmhlbfcfbookgkhe_1.1.zip,None
/home/minhyuk/Desktop/Download_extension/Extensions/productivity/workflow/ecfgjkakkdjogdkpdhoekipkdmpmfekc_1.0.zip,None
/home/minhyuk/Desktop/Download_extension/Extensions/productivity/workflow/ibfigfkmhjdjngidknjlifejoekngfba_1.0.7.zip,None
/home/minhyuk/Desktop/Download_extension/Extensions/lifestyle/shopping/cmhgpkhkjodkbkfnaikphclmmnnnlebm_3.0.1.zip,None
/home/minhyuk/Desktop/Download_extension/Extensions/other/eilagdpifckephlpfclhmhohelchaimn_1.0.zip,None
/home/minhyuk/Desktop/Download_extension/Extensions/productivity/workflow/ngchlaimnpeaoifdjfkpihjjlmalafao_1.1.zip,None
/home/minhyuk/Desktop/Download_extension/Extensions/lifestyle/fun/hbklnndomhdgocjlphijfdpgmhjlhggh_1.1.zip,None
/home/minhyuk/Desktop/Download_extension/Extensions/productivity/workflow/mpgifldcehdaecljlhiifnljeeganpmg_0.1.2.zip,None
/home/minhyuk/Desktop/Download_extension/Extensions/productivity/developer/bjpibkoafohcjghgpbiinhfoobmbijcc_2.2.zip,None
/home/minhyuk/Desktop/Download_extension/Extensions/productivity/workflow/kbbdhdnamedaijdpppljhmddmjcncoho_1.zip,None
/home/minhyuk/Desktop/Download_extension/Extensions/productivity/workflow/healcbdknleonedollcadfcickjigjfk_0.2.1.zip,None
/home/minhyuk/Desktop/Download_extension/Extensions/productivity/workflow/mghifhlmfjmlppkohcibmlekioopbglb_0.9.1.zip,None
/home/minhyuk/Desktop/Download_extension/Extensions/productivity/workflow/knflcbcdccnmiimoldgnmjcfoohdaeoo_1.0.0.zip,None
/home/minhyuk/Desktop/Download_extension/Extensions/productivity/workflow/admogladfnbakchmlljdefolnafmpihb_1.0.0.zip,None
/home/minhyuk/Desktop/Download_extension/Extensions/productivity/workflow/mngelfkeddhlpagbieccpcjoehahooge_7.0.0.1.zip,None
/home/minhyuk/Desktop/Download_extension/Extensions/lifestyle/social/abjmodlcfacbpigjelanlekepcgcjijb_1.0.zip,None
/home/minhyuk/Desktop/Download_extension/Extensions/productivity/workflow/mmhmohdkkblpodijgniecdieimbeiiii_2.5.zip,None
/home/minhyuk/Desktop/Download_extension/Extensions/productivity/tools/mlldkokglanggjkokhdboagaekobhome_1.18.zip,tabs
/home/minhyuk/Desktop/Download_extension/Extensions/lifestyle/fun/dceabgpbnaimhibdgjdhgbabiocgimhb_1.0.0.zip,None
/home/minhyuk/Desktop/Download_extension/Extensions/art/kigcjgfmmfepkkcbjmphklbllaekhipn_1.0.zip,None
/home/minhyuk/Desktop/Download_extension/Extensions/lifestyle/household/pblahhcpdnegffcjjcnibcebpmcmkcba_0.0.3.zip,None
/home/minhyuk/Desktop/Download_extension/Extensions/productivity/workflow/ldimegdndcfidagpaoochlahokpklnna_0.0.0.5.zip,tabs
/home/minhyuk/Desktop/Download_extension/Extensions/nature/ialfmfdbaigcmpapknelgkebmcjcogni_1.0.zip,None
/home/minhyuk/Desktop/Download_extension/Extensions/art/kgfonffgkgnpcggdpbhciaflidofclpk_1.0.0.zip,None
/home/minhyuk/Desktop/Download_extension/Extensions/productivity/workflow/polnhjekfbbkednpdogfnjmkocenbgaf_1.zip,None
/home/minhyuk/Desktop/Download_extension/Extensions/make_chrome_yours/functionality/iendmhkiecalpikodhgdhjnnmnbggeeb_1.0.0.zip,None
/home/minhyuk/Desktop/Download_extension/Extensions/make_chrome_yours/accessibility/ojiighldhdmahfdnhfdebnpmlbiemdfm_9.13.0.29.zip,tabs
/home/minhyuk/Desktop/Download_extension/Extensions/lifestyle/games/bcjfkepjnfjgcmfaljkeagnblkiiclde_1.0.5.zip,None
/home/minhyuk/Desktop/Download_extension/Extensions/productivity/workflow/jkfkgfpnplkbmjdppcgijopbjegndfhc_1.2.3.zip,tabs
/home/minhyuk/Desktop/Download_extension/Extensions/lifestyle/social/cpohpgohfajjfjiakcfcobnhfnfdddkg_1.0.7.zip,None
/home/minhyuk/Desktop/Download_extension/Extensions/lifestyle/social/lbenbpjiigbogcmofbmoojbkojdmojfl_4.8.3.zip,"history, webRequest, tabs, downloads"
/home/minhyuk/Desktop/Download_extension/Extensions/lifestyle/shopping/gofbkgfgjgkmphjcfgbmdelmamlnhcnh_11.312.0.zip,None
/home/minhyuk/Desktop/Download_extension/Extensions/productivity/workflow/acjiedbilhbchmjblapmekfajpplpgdo_1.0.17.zip,None
/home/minhyuk/Desktop/Download_extension/Extensions/productivity/tools/gljlcjkeklpclmgfijclcakepbikfcco_0.9.0.zip,None
/home/minhyuk/Desktop/Download_extension/Extensions/productivity/workflow/dhdcjppdnebckenfgdolighaaginldeh_1.0.zip,None
/home/minhyuk/Desktop/Download_extension/Extensions/lifestyle/shopping/dcekabpbnmeinfmbgpipocdpiogonfmk_1.zip,None
/home/minhyuk/Desktop/Download_extension/Extensions/make_chrome_yours/functionality/gbpegildolphcbefmdpmonjboiahekad_1.0.0.zip,None
/home/minhyuk/Desktop/Download_extension/Extensions/productivity/education/mgakchnhkgppicccbfnoimecojceghaj_1.0.zip,tabs
/home/minhyuk/Desktop/Download_extension/Extensions/colors/ljbcoiojpdhkjcmmdojjppghlcdpnnkp_2.0.1.zip,None
/home/minhyuk/Desktop/Download_extension/Extensions/productivity/tools/fbdeeodkbancilkiiafcgjflmimhfnhb_1.0.zip,None
/home/minhyuk/Desktop/Download_extension/Extensions/lifestyle/news/dcfhgekodfnlbfgiaoahkobmkjlpmdgn_1.0.3.zip,tabs
/home/minhyuk/Desktop/Download_extension/Extensions/lifestyle/fun/eelgjincfbelhajdbjenildfidchkgch_1.0.zip,tabs
/home/minhyuk/Desktop/Download_extension/Extensions/productivity/tools/lejohcdoolanljiajadpngekfdeaglof_1.0.zip,None
/home/minhyuk/Desktop/Download_extension/Extensions/lifestyle/fun/aejcnpajldkcggeihihjobmmlnhjcahd_1.0.1.zip,None
/home/minhyuk/Desktop/Download_extension/Extensions/lifestyle/shopping/mchnehgjmmjpahajmmebolcaodoakolp_1.6.0.zip,None
/home/minhyuk/Desktop/Download_extension/Extensions/make_chrome_yours/accessibility/cljbakfkckcdgjfnpopgmhmnkaijaogd_3.0.4.zip,"bookmarks, tabs"
/home/minhyuk/Desktop/Download_extension/Extensions/productivity/developer/enhcidlgmnmolephljjhbgfnjlfjnimd_1.1.0.zip,tabs
/home/minhyuk/Desktop/Download_extension/Extensions/productivity/developer/lpgaihcipniakbpcmhcdkddodmpjlpnc_0.0.1.1.zip,webRequest
/home/minhyuk/Desktop/Download_extension/Extensions/productivity/developer/agpapjonilafpfbnnnelaooaclfpmakd_0.0.2.zip,None
/home/minhyuk/Desktop/Download_extension/Extensions/productivity/workflow/nclioehaoppakmnhcmobfmbehkpfpmaa_1.6.0.zip,None
/home/minhyuk/Desktop/Download_extension/Extensions/productivity/tools/ipmfmpkgnbbbaijjaebagomaiiamclfo_1.0.1.zip,tabs
/home/minhyuk/Desktop/Download_extension/Extensions/make_chrome_yours/accessibility/cpbljgomgeogmikpcglnamlndljahkak_0.1.5.zip,tabs
/home/minhyuk/Desktop/Download_extension/Extensions/lifestyle/social/cmfdbhodbknpeambnnahbheoeajhbeel_1.1.9.zip,tabs
/home/minhyuk/Desktop/Download_extension/Extensions/lifestyle/fun/kjcahcohoafkpcehokeficpobcplpnhc_1.0.zip,None
/home/minhyuk/Desktop/Download_extension/Extensions/productivity/workflow/nmeegpdlcdjpkjghamefpcciaejhglop_1.0.0.zip,"clipboardWrite, clipboardRead, tabs"
/home/minhyuk/Desktop/Download_extension/Extensions/lifestyle/shopping/emndkdeeljnhblojmnbdfhjjeoikdcek_0.1.9.zip,None
/home/minhyuk/Desktop/Download_extension/Extensions/make_chrome_yours/accessibility/obbhcemdieglpilieepgcbhpocmbkphm_1.1.2.zip,bookmarks
/home/minhyuk/Desktop/Download_extension/Extensions/productivity/workflow/hffgmamoeadcoibgfoabbnnmlcpjoonj_toolbar.zip,None
/home/minhyuk/Desktop/Download_extension/Extensions/productivity/workflow/baleiojnjpgeojohhhfbichcodgljmnj_2.25.0.19320.zip,"webRequest, tabs, nativeMessaging, management"
/home/minhyuk/Desktop/Download_extension/Extensions/make_chrome_yours/accessibility/akmhpobpdgnmfkgdnckaiebcjcebkgee_0.7.0.zip,None
/home/minhyuk/Desktop/Download_extension/Extensions/lifestyle/social/cfooaggakokcjkebmpeocmcblejiojoi_4.16.3.zip,"cookies, tabs, debugger"
/home/minhyuk/Desktop/Download_extension/Extensions/lifestyle/fun/egmilngkgddnnmkpkonkpkjkipiihmkh_0.1.7.zip,tabs
/home/minhyuk/Desktop/Download_extension/Extensions/lifestyle/fun/pdkmbnlaokapnghpflfdgeppmlcdegdm_1.0.zip,None
/home/minhyuk/Desktop/Download_extension/Extensions/lifestyle/shopping/lndbenhdgbihhmcgplokikbkaioamhnh_0.0.0.1.zip,None
/home/minhyuk/Desktop/Download_extension/Extensions/productivity/tools/lhijjclkipibjcdnadoebhplaklajhia_1.0.zip,None
/home/minhyuk/Desktop/Download_extension/Extensions/productivity/workflow/bmokelpnidlhkfdoglnieojfdeblcebd_1.0.zip,None
/home/minhyuk/Desktop/Download_extension/Extensions/productivity/workflow/hhdoodgdlgbcpmadfldaghcflgnkndca_0.9.4.zip,"clipboardWrite, tabs"
/home/minhyuk/Desktop/Download_extension/Extensions/productivity/tools/fcfbddoagppcflpdocjkebgknkpcfgbl_0.3.zip,None
/home/minhyuk/Desktop/Download_extension/Extensions/productivity/workflow/boafjdagfcanlpplfjfllgoedmkkibie_9.17.35.zip,None
/home/minhyuk/Desktop/Download_extension/Extensions/productivity/tools/mneknbcllcdhdfpdbaieabgojinefnme_0.1.zip,None
/home/minhyuk/Desktop/Download_extension/Extensions/entertainment/lboibbjlhpfpkecpikgajbgckflafjao_1.0.zip,None
/home/minhyuk/Desktop/Download_extension/Extensions/lifestyle/shopping/khcnhakcpmodlkaadcpgpfafkjdjhjnk_1.5.5.zip,None
/home/minhyuk/Desktop/Download_extension/Extensions/productivity/workflow/mflibejgdaeconbjefecnkebajkkahkp_0.4.0.zip,None
/home/minhyuk/Desktop/Download_extension/Extensions/productivity/tools/dnailfniiknibefdjdaoinfpjpjknggi_1.1.1.zip,"clipboardWrite, clipboardRead, tabs"
/home/minhyuk/Desktop/Download_extension/Extensions/animals/hpfchmkbknfhelibjicfomhjhiojoeal_1.0.0.zip,None
/home/minhyuk/Desktop/Download_extension/Extensions/cars/apoacejdohgphmijpaigjnfneifeehoc_1.1.zip,None
/home/minhyuk/Desktop/Download_extension/Extensions/productivity/workflow/okagcggpdlegjpllohppffkailcjlcdp_1.0.zip,None
/home/minhyuk/Desktop/Download_extension/Extensions/animals/flomijabigkbchklljfgkgppnbbjioae_1.0.zip,None
/home/minhyuk/Desktop/Download_extension/Extensions/lifestyle/social/nmnnjcmpjlbbobehaikglfgpbjclcoeg_1.3.4.zip,None
/home/minhyuk/Desktop/Download_extension/Extensions/productivity/developer/pifminenmmomjhecjhmemkabgmgjohko_1.0.1.zip,None
/home/minhyuk/Desktop/Download_extension/Extensions/productivity/workflow/gghejegghlfofemnfmapjdgecnpdfaco_1.0.zip,None
/home/minhyuk/Desktop/Download_extension/Extensions/lifestyle/shopping/ddjlpajcconmhcnbglajmpgaeboncgop_1.0.2.zip,None
/home/minhyuk/Desktop/Download_extension/Extensions/productivity/workflow/pjmjlilgonaenkggloeolfcaklaohfbp_1.2.0.zip,None
/home/minhyuk/Desktop/Download_extension/Extensions/make_chrome_yours/accessibility/akmdakmpooindelmbdppneijlchbifcc_1.3.zip,None
/home/minhyuk/Desktop/Download_extension/Extensions/productivity/tools/ondimnpnjbbdalanmhdmhmalbajmgbfp_1.0.zip,None
/home/minhyuk/Desktop/Download_extension/Extensions/art/bkjlmomiipikpfmnppmcfleofkhiohmm_1.0.zip,None
/home/minhyuk/Desktop/Download_extension/Extensions/productivity/tools/oigaibkppeamhdagigbnleokjolbdmfa_0.2.7.zip,clipboardRead
/home/minhyuk/Desktop/Download_extension/Extensions/productivity/tools/odlchholdefemjnkakoejacenfmkmkgi_1.0.zip,None
/home/minhyuk/Desktop/Download_extension/Extensions/productivity/tools/imknfkidkilkomeomcidnnjojiilaofb_1.0.0.zip,"bookmarks, tabs"
/home/minhyuk/Desktop/Download_extension/Extensions/productivity/communication/iihkgfdilhicabfpjpcoiigmmmpccgoo_1.3.zip,clipboardWrite
/home/minhyuk/Desktop/Download_extension/Extensions/make_chrome_yours/accessibility/ldlimjohgodlchaagdhiljpccoohejbk_3.2.0.6.zip,nativeMessaging
/home/minhyuk/Desktop/Download_extension/Extensions/productivity/workflow/leilgdlodkfpinieickphnogonghaocc_5.334.10.742 r5c5fea23.zip,tabs
/home/minhyuk/Desktop/Download_extension/Extensions/productivity/developer/mdplmiioglkpgkdblijgilgebpppgblm_1.98.25.zip,"webRequest, tabs"
/home/minhyuk/Desktop/Download_extension/Extensions/lifestyle/shopping/pajefmllpniklijmdenljfbibeiajnnd_0.0.1.zip,None
/home/minhyuk/Desktop/Download_extension/Extensions/art/ofoiogifjibpjnobloaojiaggpbpfknp_1.0.zip,None
/home/minhyuk/Desktop/Download_extension/Extensions/lifestyle/fun/fhhjogagediaablmgjbgclhopdmfdmbm_0.3.zip,None
/home/minhyuk/Desktop/Download_extension/Extensions/productivity/tools/pceehdadbjnngdkflkgalipflomjhmei_1.1.zip,cookies
/home/minhyuk/Desktop/Download_extension/Extensions/art/cgfmnijegkojcecdgpoljdjjgondplli_1.0.0.zip,None
/home/minhyuk/Desktop/Download_extension/Extensions/art/fiabbjobkolldbglhgeehodoaihobfci_1.0.zip,None
/home/minhyuk/Desktop/Download_extension/Extensions/productivity/workflow/cjgkiokoamefcjjpbhcldneamjoolobp_1.5.2.32.zip,"webRequest, tabs, webRequestBlocking"
/home/minhyuk/Desktop/Download_extension/Extensions/lifestyle/games/nalgokkmhhhnmlngojfbjjkfoffcfcnd_1.6.zip,None
/home/minhyuk/Desktop/Download_extension/Extensions/productivity/tools/oaddjbfbhgjhkmggfnhgpamlpockdopi_1.0.zip,None
/home/minhyuk/Desktop/Download_extension/Extensions/make_chrome_yours/functionality/nbaipoakdbkpkcfdobmhlchcijhcmmoe_1.0.0.zip,clipboardWrite
/home/minhyuk/Desktop/Download_extension/Extensions/productivity/workflow/nfkfcehbdfecopinndajcgpchlbkofjl_1.100.zip,None
/home/minhyuk/Desktop/Download_extension/Extensions/productivity/tools/igbpdpjgcbpephechdhblknncliolepm_1.0.zip,None
/home/minhyuk/Desktop/Download_extension/Extensions/productivity/tools/dkonkehmngnpbapnlmjffpjfohbnhmgc_1.0.0.15.zip,tabs
/home/minhyuk/Desktop/Download_extension/Extensions/productivity/workflow/eclbdogfkckieoffjdjfbillhljihdmm_2.0.0.zip,None
/home/minhyuk/Desktop/Download_extension/Extensions/productivity/education/fkmkmpgeebbdmdomfgdkialajkfjehkn_1.5.zip,None
/home/minhyuk/Desktop/Download_extension/Extensions/productivity/workflow/plfdmagpkcfdlaohpmfpehbdgiknkeec_0.9.1.zip,None
/home/minhyuk/Desktop/Download_extension/Extensions/lifestyle/fun/fngpcgiklmapjpnkjdjmpgajiijocdkd_3.0.zip,tabs
/home/minhyuk/Desktop/Download_extension/Extensions/lifestyle/shopping/hmlpiahhoampfgiodhahfofmeppmkaeo_3.0.3.zip,None
/home/minhyuk/Desktop/Download_extension/Extensions/productivity/workflow/gocelmjggdhdmlbddfabmcfheaabcncg_0.0.0.1.zip,None
/home/minhyuk/Desktop/Download_extension/Extensions/productivity/workflow/hcegghofkifepkbnjonhfnfaigjnieme_1.5.0.zip,tabs
/home/minhyuk/Desktop/Download_extension/Extensions/art/cpfjhcjpidjobbfndjfhldkkbldjmkke_1.0.zip,None
/home/minhyuk/Desktop/Download_extension/Extensions/lifestyle/fun/mjahmpeienolpgefdapmhofocfdbdheo_1.0.zip,None
/home/minhyuk/Desktop/Download_extension/Extensions/productivity/workflow/ncojhmkdngfjlkpjmnilgoeamamibefb_1.0.zip,None
/home/minhyuk/Desktop/Download_extension/Extensions/productivity/workflow/cnkaahfnkfaigbdcgcliiecccljnoeom_1.0.1.zip,tabs
/home/minhyuk/Desktop/Download_extension/Extensions/productivity/developer/pngbanndhojopblfnihndgmflmohepom_0.0.0.1.zip,None
/home/minhyuk/Desktop/Download_extension/Extensions/lifestyle/shopping/pnkmjipifhjeemponlmnjohfgahenifi_1.1.12.zip,tabs
/home/minhyuk/Desktop/Download_extension/Extensions/lifestyle/entertainment/ggomkpgfookijliefcelafogocjlpann_1.3.2.zip,downloads
/home/minhyuk/Desktop/Download_extension/Extensions/productivity/developer/iladpamcpebfmnahckabaknnfneajecf_1.2.zip,None
/home/minhyuk/Desktop/Download_extension/Extensions/productivity/workflow/kidgbjjjkhkickaakajjpgdkcfnidphn_0.5.2.zip,None
/home/minhyuk/Desktop/Download_extension/Extensions/productivity/developer/dbgmmpgmabjfojcomjpoodckbajfclkd_1.1.5.zip,tabs
/home/minhyuk/Desktop/Download_extension/Extensions/productivity/developer/pdajopncokebhgngkdonpfplnibifpep_0.2.1.zip,None
/home/minhyuk/Desktop/Download_extension/Extensions/productivity/education/pfpcdpogkleagockhnjfkoejmjjebpem_0.2.2.zip,None
/home/minhyuk/Desktop/Download_extension/Extensions/other/jcnghdlghofjldjldaobjkhepbfhbcpb_1.0.zip,None
/home/minhyuk/Desktop/Download_extension/Extensions/productivity/workflow/kdlpfineokdpejdmgcklfgmfnfbfffdn_1.0.2.zip,None
/home/minhyuk/Desktop/Download_extension/Extensions/productivity/workflow/bigompfljamhmmfafokkbacggjfngkdn_0.7.6.zip,None
/home/minhyuk/Desktop/Download_extension/Extensions/lifestyle/news/fpepilicmaphoobgjgmoaofhaolbfhnc_1.1.1.zip,None
/home/minhyuk/Desktop/Download_extension/Extensions/productivity/developer/cjhigcdlmbhfagoidakpmmkgmokhocdl_1.0.0.zip,None
/home/minhyuk/Desktop/Download_extension/Extensions/productivity/tools/jfmakahmfclplndeekkpolafgllnnnkk_3.2.1.zip,None
/home/minhyuk/Desktop/Download_extension/Extensions/productivity/tools/emcnedanfejbplonenbeoplhlgifdfpj_1.0.zip,clipboardWrite
/home/minhyuk/Desktop/Download_extension/Extensions/lifestyle/entertainment/jcpmcidfnegbeommcjdjelbfpcindkfb_0.0.6.zip,None
/home/minhyuk/Desktop/Download_extension/Extensions/entertainment/hnkinhejpbepplblcfngokombcjbhcji_1.zip,None
/home/minhyuk/Desktop/Download_extension/Extensions/lifestyle/social/odegdacmagonnhkpagonheojillpoffk_1.0.zip,None
/home/minhyuk/Desktop/Download_extension/Extensions/make_chrome_yours/accessibility/lcoindilhehhoglnjkbeccnfjhcfjlnp_1.1.0.zip,None
/home/minhyuk/Desktop/Download_extension/Extensions/lifestyle/games/apahjkbhjifhhcfinfljdhpbkmmlllcn_7.zip,None
/home/minhyuk/Desktop/Download_extension/Extensions/productivity/workflow/djbakdmgkelcfchbglkjbneoonokoeaa_0.5.zip,None
/home/minhyuk/Desktop/Download_extension/Extensions/productivity/workflow/baefhdojfkiccoccobdjbmknnipkajff_1.0.zip,None
/home/minhyuk/Desktop/Download_extension/Extensions/productivity/developer/jpijepjflkfojekoipljndehfjepimkn_1.1.zip,"webRequest, webRequestBlocking"
/home/minhyuk/Desktop/Download_extension/Extensions/colors/gcmahigelemlkdnlplakoelolhchnobf_1.0.0.zip,None
/home/minhyuk/Desktop/Download_extension/Extensions/make_chrome_yours/accessibility/mcebidbgdlfebjbnkkpfbdclngmaando_1.1.2.zip,tabs
/home/minhyuk/Desktop/Download_extension/Extensions/lifestyle/social/bglfbminnmomokbpdpciihmjbenagabp_1.0.zip,None
/home/minhyuk/Desktop/Download_extension/Extensions/productivity/tools/npmhckccdpclpphhkaladpcmbmglkaoh_1.19.zip,None
