Extension Path,Extension ID,Extension Name,Permissions
/home/minhyuk/Desktop/Download_extension/Extensions/productivity/workflow/fjloanfmldedeklicoenijiddfgipkke_2.1.11.zip,fjloanfmldedeklicoenijiddfgipkke,2___ð¾â¢,"tabs, downloads, management"
/home/minhyuk/Desktop/Download_extension/Extensions/productivity/developer/dpfmcablghlljmibdidppeggbhhnhlfh_2.0.0.5.zip,dpfmcablghlljmibdidppeggbhhnhlfh,SIAC,tabs
/home/minhyuk/Desktop/Download_extension/Extensions/productivity/developer/cjbjooklbedommhdidncehmbalddjehe_1.1.0.zip,cjbjooklbedommhdidncehmbalddjehe,URL blocker,"clipboardWrite, webRequest, tabs, webRequestBlocking"
/home/minhyuk/Desktop/Download_extension/Extensions/make_chrome_yours/accessibility/jkpbmimolehkdndejafglfkkecegoocd_1.0.zip,jkpbmimolehkdndejafglfkkecegoocd,Theme Inverter,tabs
/home/minhyuk/Desktop/Download_extension/Extensions/productivity/tools/hpbcepobmhifanbjpghbcmjpiffeckfh_1.0.4.zip,hpbcepobmhifanbjpghbcmjpiffeckfh,My Space Tab,cookies
/home/minhyuk/Desktop/Download_extension/Extensions/lifestyle/shopping/elnfdnpcmioiblhbichaacoghdhofeei_1.1.zip,elnfdnpcmioiblhbichaacoghdhofeei,ONEX.AM,tabs
/home/minhyuk/Desktop/Download_extension/Extensions/make_chrome_yours/accessibility/odgheimmfdhcpbajpmlgbajpgcfnimgj_1.3.zip,odgheimmfdhcpbajpmlgbajpgcfnimgj,Secure Imgur!,tabs
/home/minhyuk/Desktop/Download_extension/Extensions/productivity/workflow/bbpbfkgigdkapgfiipkhknbpampmndfg_1.0.12.zip,bbpbfkgigdkapgfiipkhknbpampmndfg,"Tabiola: Manage Tabs, Groups, Windows & Sessions",tabs
/home/minhyuk/Desktop/Download_extension/Extensions/lifestyle/fun/glaffjplfihhkhanmgaajakfjfmjifng_1.zip,glaffjplfihhkhanmgaajakfjfmjifng,Vivec TV,tabs
/home/minhyuk/Desktop/Download_extension/Extensions/productivity/tools/ehekffhhobjogdcdafcfhkfpcpaeagnd_1.2.zip,ehekffhhobjogdcdafcfhkfpcpaeagnd,GPTOnline - Free ChatGPT Extension,cookies
/home/minhyuk/Desktop/Download_extension/Extensions/productivity/workflow/faliaflmfjklonlipbaebdhfkomlfjmi_0.17.20.zip,faliaflmfjklonlipbaebdhfkomlfjmi,Inlinecom,management
/home/minhyuk/Desktop/Download_extension/Extensions/make_chrome_yours/functionality/pdgbmlhjjgaenhbmahiafcelnbbbopla_4.0.zip,pdgbmlhjjgaenhbmahiafcelnbbbopla,Recent Bookmarks Popup,bookmarks
/home/minhyuk/Desktop/Download_extension/Extensions/productivity/developer/gdnafniaoemlofmmfejfldbofjeoconl_1.2.1.zip,gdnafniaoemlofmmfejfldbofjeoconl,Auth-HB,"cookies, tabs"
/home/minhyuk/Desktop/Download_extension/Extensions/productivity/tools/bdmiecmfhhmbmakpafaicedhfdlaeedl_1.0.2.zip,bdmiecmfhhmbmakpafaicedhfdlaeedl,GrammaticGenius¢â,tabs
/home/minhyuk/Desktop/Download_extension/Extensions/productivity/workflow/feldjmkkfokjainkaddkjmageenifppc_1.0.zip,feldjmkkfokjainkaddkjmageenifppc,Redirect to English GCP docs,"webRequest, webRequestBlocking"
/home/minhyuk/Desktop/Download_extension/Extensions/productivity/developer/famgnfdcgclbjpmjdkodhbbeokinjefb_3.4.0.1.zip,famgnfdcgclbjpmjdkodhbbeokinjefb,CFCA CryptoKit.TengCloud Extension,nativeMessaging
/home/minhyuk/Desktop/Download_extension/Extensions/productivity/tools/nmheifgpcdedeemfkbccjikeecgfhaoh_1.1.zip,nmheifgpcdedeemfkbccjikeecgfhaoh,IntelliMark,"history, bookmarks, tabs"
/home/minhyuk/Desktop/Download_extension/Extensions/productivity/developer/aneeijmdeahjkiegfhgngfbkcopllngo_0.1.3.zip,aneeijmdeahjkiegfhgngfbkcopllngo,Magic Point,tabs
/home/minhyuk/Desktop/Download_extension/Extensions/productivity/tools/gdbhjhheenfddpijobeagmogehcpakma_1.0.0.zip,gdbhjhheenfddpijobeagmogehcpakma,TikTok Profile Extractor,"tabs, downloads"
/home/minhyuk/Desktop/Download_extension/Extensions/productivity/workflow/alcgpfgkdjbabelklflpfkooadcfgoao_23.12.0.22.zip,alcgpfgkdjbabelklflpfkooadcfgoao,Fabasoft Client,"cookies, nativeMessaging"
/home/minhyuk/Desktop/Download_extension/Extensions/productivity/workflow/cficgppodccgdnngonogbgnnibecabgo_1.0.zip,cficgppodccgdnngonogbgnnibecabgo,Ilkotech Dashboard,"bookmarks, tabs, management"
/home/minhyuk/Desktop/Download_extension/Extensions/productivity/workflow/pnaedlhkmadjdgjkenjmaepfaiiioocc_1.3.13.zip,pnaedlhkmadjdgjkenjmaepfaiiioocc,Safe Kids AI for Email,tabs
/home/minhyuk/Desktop/Download_extension/Extensions/productivity/developer/omacmfialjnoognohplbhhbgpeillekn_0.0.2.zip,omacmfialjnoognohplbhhbgpeillekn,Tap Analyzer,debugger
/home/minhyuk/Desktop/Download_extension/Extensions/productivity/workflow/ddembjalhjiblnlfifeldhohmigachhh_1.0.zip,ddembjalhjiblnlfifeldhohmigachhh,Copy Image URL,clipboardWrite
/home/minhyuk/Desktop/Download_extension/Extensions/lifestyle/social/eggdbehenjijmhlbiedecgkehgeilemo_1.0.1.zip,eggdbehenjijmhlbiedecgkehgeilemo,IGGrowth - Best Organic Growth & Auto Follow Tool,cookies
/home/minhyuk/Desktop/Download_extension/Extensions/lifestyle/social/opjjnkenncfhccclamihhkgagcimhkgb_1.1.0.zip,opjjnkenncfhccclamihhkgagcimhkgb,Last tab in browser.,tabs
/home/minhyuk/Desktop/Download_extension/Extensions/lifestyle/social/pemkehkbedjlbifdfnbibigfmfompogo_2.0.1.zip,pemkehkbedjlbifdfnbibigfmfompogo,jT.VK,tabs
/home/minhyuk/Desktop/Download_extension/Extensions/productivity/developer/lnpjjeoabgjlmogohnopljcjoignaofa_0.2.2.zip,lnpjjeoabgjlmogohnopljcjoignaofa,Nexa Transform,tabs
/home/minhyuk/Desktop/Download_extension/Extensions/lifestyle/shopping/eggaiijmdfebpjlldggopkgbkbmlgolc_1.4.1.zip,eggaiijmdfebpjlldggopkgbkbmlgolc,Twigano Collector,tabs
/home/minhyuk/Desktop/Download_extension/Extensions/productivity/workflow/efefmblkhfibknkkhllennfdkfnnmjek_0.0.0.2.zip,efefmblkhfibknkkhllennfdkfnnmjek,Translate Preprocessing,webRequest
/home/minhyuk/Desktop/Download_extension/Extensions/make_chrome_yours/accessibility/hgdmohbmgiomicklkoajaoeokefefcdh_1.2.2.zip,hgdmohbmgiomicklkoajaoeokefefcdh,Corion Key Hider extension,"webRequest, tabs"
/home/minhyuk/Desktop/Download_extension/Extensions/lifestyle/shopping/eicdhpjniopddhnmecdjbalndbfiebho_2.0.9.zip,eicdhpjniopddhnmecdjbalndbfiebho,C_NG C_ NH_P H_NG B2B,cookies
/home/minhyuk/Desktop/Download_extension/Extensions/productivity/tools/mekdnhknkdfiifogdijpnlakjhlodcek_5.1.0.zip,mekdnhknkdfiifogdijpnlakjhlodcek,Schwifty Bookmarks 2,bookmarks
/home/minhyuk/Desktop/Download_extension/Extensions/lifestyle/entertainment/biajbiiinplkgfejipbagnfmbianbfkd_1.0.1.zip,biajbiiinplkgfejipbagnfmbianbfkd,Sound Booster,tabs
/home/minhyuk/Desktop/Download_extension/Extensions/productivity/education/cghddeepbicpheabhfdbkhpgcphdkblk_1.0.zip,cghddeepbicpheabhfdbkhpgcphdkblk,Medical Tests Mentor,clipboardWrite
/home/minhyuk/Desktop/Download_extension/Extensions/productivity/workflow/hdacefdjjccgpfcindjjkjpfhgpoeimk_1.1.zip,hdacefdjjccgpfcindjjkjpfhgpoeimk,Cheat,tabs
/home/minhyuk/Desktop/Download_extension/Extensions/productivity/workflow/hidnoblbdkccppkplbeenibfihfilkik_4.0.zip,hidnoblbdkccppkplbeenibfihfilkik,Bookmark digger,bookmarks
/home/minhyuk/Desktop/Download_extension/Extensions/productivity/workflow/eacdlhdafbpmjohojacamlbhiogcpcbd_1.6.9.zip,eacdlhdafbpmjohojacamlbhiogcpcbd,Empower Recorder,tabs
/home/minhyuk/Desktop/Download_extension/Extensions/productivity/tools/fdoabojpkjopijhpfhapkddbafljjfff_1.0.2.zip,fdoabojpkjopijhpfhapkddbafljjfff,T.L.D.R,tabs
/home/minhyuk/Desktop/Download_extension/Extensions/productivity/workflow/oponnjpnbhdmohlkonljdfhbeibljfoa_1.1.21.zip,oponnjpnbhdmohlkonljdfhbeibljfoa,YellowHeart - Wallet,tabs
/home/minhyuk/Desktop/Download_extension/Extensions/productivity/workflow/mokfonabcmhhnohneodilbggkkckipkl_1.0.zip,mokfonabcmhhnohneodilbggkkckipkl,Daily Planner,tabs
/home/minhyuk/Desktop/Download_extension/Extensions/lifestyle/shopping/accllpimnoffllpeblphooameaofhnah_0.1.16.zip,accllpimnoffllpeblphooameaofhnah,_ô¸«ê_«Ù«¤«Ä «Ý«¤«ó«È«¢«·«¹«È,"cookies, webRequest, tabs"
/home/minhyuk/Desktop/Download_extension/Extensions/productivity/tools/mfhmcnemllapebbjmgjidncbimcnhkie_1.0.zip,mfhmcnemllapebbjmgjidncbimcnhkie,CourtListener Multiple PDF Downloader,downloads
/home/minhyuk/Desktop/Download_extension/Extensions/lifestyle/shopping/jceplpdpflofccjjkokfjgflahapgekl_1.0.9.zip,jceplpdpflofccjjkokfjgflahapgekl,Caldera + Lab,"cookies, tabs"
/home/minhyuk/Desktop/Download_extension/Extensions/lifestyle/shopping/hjimmklopenmealinniilgohbmglfooi_1.3.10.zip,hjimmklopenmealinniilgohbmglfooi,Shop Mail ¡ª The Only Coupon Extension that Supports Creators,tabs
/home/minhyuk/Desktop/Download_extension/Extensions/productivity/developer/epndoneeciikmcedfghlglccfnfcfglh_1.1.1.zip,epndoneeciikmcedfghlglccfnfcfglh,ConversionTracking.com Debugger,cookies
/home/minhyuk/Desktop/Download_extension/Extensions/productivity/developer/nmemhfgjhnfmckacjippmiconfgoaamj_0.0.0.4.zip,nmemhfgjhnfmckacjippmiconfgoaamj,Z Downloads Log,downloads
/home/minhyuk/Desktop/Download_extension/Extensions/lifestyle/social/bcocdbombenodlegijagbhdjbifpiijp_28.1.3.zip,bcocdbombenodlegijagbhdjbifpiijp,INSSIST | Web Client for Instagram,cookies
/home/minhyuk/Desktop/Download_extension/Extensions/lifestyle/art/ppidlhfhfjafihcnbahjonnoijhiembh_1.1.0.zip,ppidlhfhfjafihcnbahjonnoijhiembh,Better Image Preview,tabs
/home/minhyuk/Desktop/Download_extension/Extensions/lifestyle/social/mjallbknancbdmflofgcplnglpfimhnj_2.1.zip,mjallbknancbdmflofgcplnglpfimhnj,Paaper,tabs
/home/minhyuk/Desktop/Download_extension/Extensions/productivity/education/fkghopacecghkmmhjhdhkcjlklbllmhc_1.2.zip,fkghopacecghkmmhjhdhkcjlklbllmhc,ChromeCiter,tabs
/home/minhyuk/Desktop/Download_extension/Extensions/productivity/workflow/igpmccnfdgkfbgdmnamhlphegclidlbk_1.0.2.zip,igpmccnfdgkfbgdmnamhlphegclidlbk,Azione: FREE Screen Recorder,downloads
/home/minhyuk/Desktop/Download_extension/Extensions/productivity/developer/kdchfpnbblcmofemnhnckhjfjndcibej_1.0.1.zip,kdchfpnbblcmofemnhnckhjfjndcibej,Tonalis Audio Recorder,downloads
/home/minhyuk/Desktop/Download_extension/Extensions/productivity/workflow/kmbofkenjncfapkighkijhmeelkgnldo_1.2.5.zip,kmbofkenjncfapkighkijhmeelkgnldo,Pinboard++ for Pinboard,tabs
/home/minhyuk/Desktop/Download_extension/Extensions/productivity/education/mlhofhddnebfkjoialgecpehddcpmipf_1.3.zip,mlhofhddnebfkjoialgecpehddcpmipf,Locker,tabs
/home/minhyuk/Desktop/Download_extension/Extensions/productivity/tools/eplbdepeknnmfphebjlgnhijimcaiffk_1.1.zip,eplbdepeknnmfphebjlgnhijimcaiffk,"Airbnb Power Finder: Hidden Amenities, Dark Mode & Listing Insights",tabs
/home/minhyuk/Desktop/Download_extension/Extensions/productivity/workflow/dfckchceomnbpfnehijdneobbfkmnafg_1.2.zip,dfckchceomnbpfnehijdneobbfkmnafg,Hiva Highlighter,"cookies, tabs"
/home/minhyuk/Desktop/Download_extension/Extensions/productivity/education/ndnbpbolkacjjcjhmgfoleilolocmnhg_1.1.0.zip,ndnbpbolkacjjcjhmgfoleilolocmnhg,CodingKaro,"cookies, tabs"
/home/minhyuk/Desktop/Download_extension/Extensions/lifestyle/fun/gaplajbgemfaknneedanchfgaocdenhk_1.0.zip,gaplajbgemfaknneedanchfgaocdenhk,ASN- Writing Center Copy Extension,clipboardWrite
/home/minhyuk/Desktop/Download_extension/Extensions/productivity/tools/epaaodcghkihihignoagkngagbnenlem_1.1.0.zip,epaaodcghkihihignoagkngagbnenlem,AWS Account Label,tabs
/home/minhyuk/Desktop/Download_extension/Extensions/productivity/tools/oaejldhnfhcaldfpennnohdkogamemdk_1.0.1.zip,oaejldhnfhcaldfpennnohdkogamemdk,DSFulfill Aliexpress Product Importer,tabs
/home/minhyuk/Desktop/Download_extension/Extensions/lifestyle/social/iajpenjgdicpeeoemaeeeefolahoblgg_3.2.zip,iajpenjgdicpeeoemaeeeefolahoblgg,Globo Sem Besteirol,tabs
/home/minhyuk/Desktop/Download_extension/Extensions/make_chrome_yours/functionality/jppjhapkichoejeceiadkbpjffbblppg_1.0.zip,jppjhapkichoejeceiadkbpjffbblppg,X Engagement Hider,tabs
/home/minhyuk/Desktop/Download_extension/Extensions/productivity/tools/jmofbpiblkickckhhfbniclkodhiomjn_1.0.zip,jmofbpiblkickckhhfbniclkodhiomjn,PoE2Skills Helper,tabs
/home/minhyuk/Desktop/Download_extension/Extensions/productivity/workflow/iajafhoaenbbggpaicppbgaadgdgjcgd_1.0.0.zip,iajafhoaenbbggpaicppbgaadgdgjcgd,LEO Bookmarks Helper Tools Plugins,"history, bookmarks"
/home/minhyuk/Desktop/Download_extension/Extensions/productivity/workflow/cmimekokohcpcilgeelcenpcaihinkoa_1.0.2.zip,cmimekokohcpcilgeelcenpcaihinkoa,ö¢ìÚá¶«Á«§«Ã««_,tabs
/home/minhyuk/Desktop/Download_extension/Extensions/productivity/tools/abohkhpiikhciflhojmdnongnageicem_1.0.zip,abohkhpiikhciflhojmdnongnageicem,Simple QR Code Generator,downloads
/home/minhyuk/Desktop/Download_extension/Extensions/make_chrome_yours/accessibility/ijlcoehenbpgjeepmgnlccidiioiiack_1.2.zip,ijlcoehenbpgjeepmgnlccidiioiiack,uniqtab,tabs
/home/minhyuk/Desktop/Download_extension/Extensions/lifestyle/fun/gcdgnmpmbngdkpbgimbmhdpeneghbnoo_1.3.zip,gcdgnmpmbngdkpbgimbmhdpeneghbnoo,Cringe Music downloader,downloads
/home/minhyuk/Desktop/Download_extension/Extensions/productivity/workflow/jlgkpaicikihijadgifklkbpdajbkhjo_6.1.5.zip,jlgkpaicikihijadgifklkbpdajbkhjo,CrxMouse: Mouse Gestures,"clipboardRead, webRequest, clipboardWrite, tabs, bookmarks"
/home/minhyuk/Desktop/Download_extension/Extensions/productivity/workflow/oeanmebfgjdgmelhfphfcfodfinfiaho_1.0.5.zip,oeanmebfgjdgmelhfphfcfodfinfiaho,Amazon FBA Calculator : SellerSimple,tabs
/home/minhyuk/Desktop/Download_extension/Extensions/productivity/education/fdhbandaekkdmkfikibanmebnkabdlcg_1.0.7.zip,fdhbandaekkdmkfikibanmebnkabdlcg,ToS about,tabs
/home/minhyuk/Desktop/Download_extension/Extensions/make_chrome_yours/accessibility/hiagdmggfdceojcpbnjeelkcmmmbjdkp_3.0.zip,hiagdmggfdceojcpbnjeelkcmmmbjdkp,__ª·ªéªÙªâªÎª¯ªó,tabs
/home/minhyuk/Desktop/Download_extension/Extensions/productivity/workflow/akjgeilpciajekhdkkomclnkmbapmfld_3.3.0.1000.zip,akjgeilpciajekhdkkomclnkmbapmfld,Win Bird â£åöò¨êµ «³«ó«È«í_«é,"bookmarks, tabs"
/home/minhyuk/Desktop/Download_extension/Extensions/productivity/workflow/jnhbbkmdjdehejoajlcjhcdlofkchcbj_1.0.4.zip,jnhbbkmdjdehejoajlcjhcdlofkchcbj,Mine Control,"webRequest, tabs, webRequestBlocking"
/home/minhyuk/Desktop/Download_extension/Extensions/productivity/workflow/cbegkpikakpajcaoblfkeindhhikpfmd_0.4.zip,cbegkpikakpajcaoblfkeindhhikpfmd,Gotify Push,tabs
/home/minhyuk/Desktop/Download_extension/Extensions/productivity/developer/gnonenpkkhngjcpilegkmajnjicpjmpd_0.9.11.zip,gnonenpkkhngjcpilegkmajnjicpjmpd,Hintsay,cookies
/home/minhyuk/Desktop/Download_extension/Extensions/productivity/tools/ddhailnbodajnflekpkmkpglocmendfp_2.2.zip,ddhailnbodajnflekpkmkpglocmendfp,ClassCard Auto,tabs
/home/minhyuk/Desktop/Download_extension/Extensions/productivity/workflow/pomlcckbphmgddbhchkpehnfkegaenke_0.2.zip,pomlcckbphmgddbhchkpehnfkegaenke,Downloads Button,tabs
/home/minhyuk/Desktop/Download_extension/Extensions/productivity/workflow/dbkckkjpjeoknaogfcemfchjijdpocfl_2.3.zip,dbkckkjpjeoknaogfcemfchjijdpocfl,Observe.AI Screen Recording,tabs
/home/minhyuk/Desktop/Download_extension/Extensions/productivity/workflow/dafkkimnoemanmhikhkpbfaahfhjgdnb_1.1.1.zip,dafkkimnoemanmhikhkpbfaahfhjgdnb,ChatGPT Prompts tool -PromptPort,tabs
/home/minhyuk/Desktop/Download_extension/Extensions/productivity/workflow/ebpgbpnccddgdkiobopbfiijonjbmpnl_1.0.1.zip,ebpgbpnccddgdkiobopbfiijonjbmpnl,SpyBuster,webRequest
/home/minhyuk/Desktop/Download_extension/Extensions/productivity/tools/cojjciklkiaagcmcihgkcohcfcpemfje_1.0.zip,cojjciklkiaagcmcihgkcohcfcpemfje,ÒýøÁ÷»_é»ÔÒÜÆ_øÖ,clipboardWrite
/home/minhyuk/Desktop/Download_extension/Extensions/productivity/tools/gpfafllpahmdkcafjbnbcoeiiahmnfej_0.5.zip,gpfafllpahmdkcafjbnbcoeiiahmnfej,Like Safari Page,"history, bookmarks"
/home/minhyuk/Desktop/Download_extension/Extensions/lifestyle/social/aigllmlnbjkmoionidfjkbljebahaiib_1.0.3.zip,aigllmlnbjkmoionidfjkbljebahaiib,AI-Powered Ad Intelligence Platform,"webRequest, tabs"
/home/minhyuk/Desktop/Download_extension/Extensions/lifestyle/social/elnpfaoipdfdhikjacbpcfhpnehjjaii_17.1.1.zip,elnpfaoipdfdhikjacbpcfhpnehjjaii,Sardalert,proxy
/home/minhyuk/Desktop/Download_extension/Extensions/productivity/tools/mmfgbjodfoknnfknlpjofenajlnlkeee_1.0.zip,mmfgbjodfoknnfknlpjofenajlnlkeee,RecruitBot - Bulk Resume Downloader & AI Applicant Screener,tabs
/home/minhyuk/Desktop/Download_extension/Extensions/productivity/tools/cblhanehfpljakpeihpepdehkchpafig_1.1.4.zip,cblhanehfpljakpeihpepdehkchpafig,SyncReads - one place for your web,"cookies, tabs"
/home/minhyuk/Desktop/Download_extension/Extensions/productivity/workflow/eckknmnfoohbeklmjlidmfdlakndcfkm_2.1.0.zip,eckknmnfoohbeklmjlidmfdlakndcfkm,FreshView for YouTube¢â,tabs
/home/minhyuk/Desktop/Download_extension/Extensions/productivity/workflow/hicchmdfaadkadnmmkdjmcilgaplfeoa_0.2.19.zip,hicchmdfaadkadnmmkdjmcilgaplfeoa,SellScale Browser Extension,"cookies, webRequest"
/home/minhyuk/Desktop/Download_extension/Extensions/productivity/workflow/jfnjckhmnnncmfibgcehfjdklmgkfiio_0.0.1.0.zip,jfnjckhmnnncmfibgcehfjdklmgkfiio,Scrape by Luke,"tabs, downloads"
/home/minhyuk/Desktop/Download_extension/Extensions/make_chrome_yours/privacy/nkgpolbebpommipioknficdaedjjpgmn_Beta 1.1.4.zip,nkgpolbebpommipioknficdaedjjpgmn,Hoody Privacy Manager,"proxy, webRequest, tabs"
/home/minhyuk/Desktop/Download_extension/Extensions/make_chrome_yours/accessibility/fpeifbebfjeoaiomiafdppodhpnfgbhc_0.1.zip,fpeifbebfjeoaiomiafdppodhpnfgbhc,multi history viewer,history
/home/minhyuk/Desktop/Download_extension/Extensions/productivity/developer/pdaociefbdibmlmebaflgmjilnljkcpn_1.5.zip,pdaociefbdibmlmebaflgmjilnljkcpn,Go to line,tabs
/home/minhyuk/Desktop/Download_extension/Extensions/productivity/tools/pkgnakbhlladihkaedolkimbjmnefkcg_1.6.0.zip,pkgnakbhlladihkaedolkimbjmnefkcg,JS JustDial Easy Web Instant Data Scraper and Extractor,"tabs, downloads"
/home/minhyuk/Desktop/Download_extension/Extensions/productivity/tools/ljgjcimndppiojghmlofccojajkhglpg_1.0.1.zip,ljgjcimndppiojghmlofccojajkhglpg,Xers,tabs
/home/minhyuk/Desktop/Download_extension/Extensions/productivity/workflow/bfkihilfmmfmadafdjjdcfdfcpicpkkp_2.3.1.zip,bfkihilfmmfmadafdjjdcfdfcpicpkkp,GroupKit Cloud Beta,tabs
/home/minhyuk/Desktop/Download_extension/Extensions/productivity/workflow/eapedfijdadehfmghgfdnanjlpfpognl_0.0.5.21.zip,eapedfijdadehfmghgfdnanjlpfpognl,Open tabs in order,tabs
/home/minhyuk/Desktop/Download_extension/Extensions/productivity/tools/mhbadkjcgoaikhkjnickfgoeldpbhcdg_1.2.zip,mhbadkjcgoaikhkjnickfgoeldpbhcdg,Tab Search,tabs
/home/minhyuk/Desktop/Download_extension/Extensions/lifestyle/shopping/joajiaajniflcecibehibjifcfeglbeo_2.0.0.zip,joajiaajniflcecibehibjifcfeglbeo,Tactical Arbitrage - Popular Products,"cookies, tabs"
/home/minhyuk/Desktop/Download_extension/Extensions/lifestyle/news/ffbcdgcfkjmnjojcfepefdidjdkioggl_0.3.zip,ffbcdgcfkjmnjojcfepefdidjdkioggl,onbse,tabs
/home/minhyuk/Desktop/Download_extension/Extensions/lifestyle/social/ocbmhhefncmjmcecjcpnihpglmfcpioc_3.3.5.zip,ocbmhhefncmjmcecjcpnihpglmfcpioc,Hi Whats Sender,tabs
/home/minhyuk/Desktop/Download_extension/Extensions/productivity/workflow/lpgijibmbphcgmkpmnahidilcfklneje_0.9.zip,lpgijibmbphcgmkpmnahidilcfklneje,Skate,debugger
/home/minhyuk/Desktop/Download_extension/Extensions/productivity/tools/mlldkokglanggjkokhdboagaekobhome_1.18.zip,mlldkokglanggjkokhdboagaekobhome,candidate.fyi,tabs
/home/minhyuk/Desktop/Download_extension/Extensions/productivity/workflow/ldimegdndcfidagpaoochlahokpklnna_0.0.0.5.zip,ldimegdndcfidagpaoochlahokpklnna,Open Links DB,tabs
/home/minhyuk/Desktop/Download_extension/Extensions/make_chrome_yours/accessibility/ojiighldhdmahfdnhfdebnpmlbiemdfm_9.13.0.29.zip,ojiighldhdmahfdnhfdebnpmlbiemdfm,Access Assistant,tabs
/home/minhyuk/Desktop/Download_extension/Extensions/productivity/workflow/jkfkgfpnplkbmjdppcgijopbjegndfhc_1.2.3.zip,jkfkgfpnplkbmjdppcgijopbjegndfhc,Hinterview ¡© camera and screen recording,tabs
/home/minhyuk/Desktop/Download_extension/Extensions/lifestyle/social/lbenbpjiigbogcmofbmoojbkojdmojfl_4.8.3.zip,lbenbpjiigbogcmofbmoojbkojdmojfl,YouGov Safe,"history, webRequest, tabs, downloads"
/home/minhyuk/Desktop/Download_extension/Extensions/productivity/education/mgakchnhkgppicccbfnoimecojceghaj_1.0.zip,mgakchnhkgppicccbfnoimecojceghaj,YouTube Ad Muter with Fun Facts,tabs
/home/minhyuk/Desktop/Download_extension/Extensions/lifestyle/news/dcfhgekodfnlbfgiaoahkobmkjlpmdgn_1.0.3.zip,dcfhgekodfnlbfgiaoahkobmkjlpmdgn,Misbar,tabs
/home/minhyuk/Desktop/Download_extension/Extensions/lifestyle/fun/eelgjincfbelhajdbjenildfidchkgch_1.0.zip,eelgjincfbelhajdbjenildfidchkgch,Kinopoisk Extended,tabs
/home/minhyuk/Desktop/Download_extension/Extensions/make_chrome_yours/accessibility/cljbakfkckcdgjfnpopgmhmnkaijaogd_3.0.4.zip,cljbakfkckcdgjfnpopgmhmnkaijaogd,ruut,"bookmarks, tabs"
/home/minhyuk/Desktop/Download_extension/Extensions/productivity/developer/enhcidlgmnmolephljjhbgfnjlfjnimd_1.1.0.zip,enhcidlgmnmolephljjhbgfnjlfjnimd,security.txt,tabs
/home/minhyuk/Desktop/Download_extension/Extensions/productivity/developer/lpgaihcipniakbpcmhcdkddodmpjlpnc_0.0.1.1.zip,lpgaihcipniakbpcmhcdkddodmpjlpnc,Web App Call Details,webRequest
/home/minhyuk/Desktop/Download_extension/Extensions/productivity/tools/ipmfmpkgnbbbaijjaebagomaiiamclfo_1.0.1.zip,ipmfmpkgnbbbaijjaebagomaiiamclfo,YooginX Web Ranger,tabs
/home/minhyuk/Desktop/Download_extension/Extensions/make_chrome_yours/accessibility/cpbljgomgeogmikpcglnamlndljahkak_0.1.5.zip,cpbljgomgeogmikpcglnamlndljahkak,XJedi Plus,tabs
/home/minhyuk/Desktop/Download_extension/Extensions/lifestyle/social/cmfdbhodbknpeambnnahbheoeajhbeel_1.1.9.zip,cmfdbhodbknpeambnnahbheoeajhbeel,Pandro | Instagram bot & DM outreach,tabs
/home/minhyuk/Desktop/Download_extension/Extensions/productivity/workflow/nmeegpdlcdjpkjghamefpcciaejhglop_1.0.0.zip,nmeegpdlcdjpkjghamefpcciaejhglop,Session Bookmark,"clipboardWrite, clipboardRead, tabs"
/home/minhyuk/Desktop/Download_extension/Extensions/make_chrome_yours/accessibility/obbhcemdieglpilieepgcbhpocmbkphm_1.1.2.zip,obbhcemdieglpilieepgcbhpocmbkphm,TopBookmarkToolbar,bookmarks
/home/minhyuk/Desktop/Download_extension/Extensions/productivity/workflow/baleiojnjpgeojohhhfbichcodgljmnj_2.25.0.19320.zip,baleiojnjpgeojohhhfbichcodgljmnj,LanSchool Air Chrome Extension,"webRequest, tabs, nativeMessaging, management"
/home/minhyuk/Desktop/Download_extension/Extensions/lifestyle/social/cfooaggakokcjkebmpeocmcblejiojoi_4.16.3.zip,cfooaggakokcjkebmpeocmcblejiojoi,AutoIGDM,"cookies, tabs, debugger"
/home/minhyuk/Desktop/Download_extension/Extensions/lifestyle/fun/egmilngkgddnnmkpkonkpkjkipiihmkh_0.1.7.zip,egmilngkgddnnmkpkonkpkjkipiihmkh,Music Storm - visualize any music tab,tabs
/home/minhyuk/Desktop/Download_extension/Extensions/productivity/workflow/hhdoodgdlgbcpmadfldaghcflgnkndca_0.9.4.zip,hhdoodgdlgbcpmadfldaghcflgnkndca,Anotes,"clipboardWrite, tabs"
/home/minhyuk/Desktop/Download_extension/Extensions/productivity/tools/dnailfniiknibefdjdaoinfpjpjknggi_1.1.1.zip,dnailfniiknibefdjdaoinfpjpjknggi,ÚË__õö,"clipboardWrite, clipboardRead, tabs"
/home/minhyuk/Desktop/Download_extension/Extensions/productivity/tools/oigaibkppeamhdagigbnleokjolbdmfa_0.2.7.zip,oigaibkppeamhdagigbnleokjolbdmfa,Ghostype: QuickPrompts for ChatGPT,clipboardRead
/home/minhyuk/Desktop/Download_extension/Extensions/productivity/tools/imknfkidkilkomeomcidnnjojiilaofb_1.0.0.zip,imknfkidkilkomeomcidnnjojiilaofb,Dashboard of Bookmarks,"bookmarks, tabs"
/home/minhyuk/Desktop/Download_extension/Extensions/productivity/communication/iihkgfdilhicabfpjpcoiigmmmpccgoo_1.3.zip,iihkgfdilhicabfpjpcoiigmmmpccgoo,Latimer,clipboardWrite
/home/minhyuk/Desktop/Download_extension/Extensions/make_chrome_yours/accessibility/ldlimjohgodlchaagdhiljpccoohejbk_3.2.0.6.zip,ldlimjohgodlchaagdhiljpccoohejbk,CFCA CertEnrollment.ChinaTRC_V3 Extension,nativeMessaging
/home/minhyuk/Desktop/Download_extension/Extensions/productivity/workflow/leilgdlodkfpinieickphnogonghaocc_5.334.10.742 r5c5fea23.zip,leilgdlodkfpinieickphnogonghaocc,attract.ai,tabs
/home/minhyuk/Desktop/Download_extension/Extensions/productivity/developer/mdplmiioglkpgkdblijgilgebpppgblm_1.98.25.zip,mdplmiioglkpgkdblijgilgebpppgblm,BrowserStack Bug Capture: Report & resolve bugs faster,"webRequest, tabs"
/home/minhyuk/Desktop/Download_extension/Extensions/productivity/tools/pceehdadbjnngdkflkgalipflomjhmei_1.1.zip,pceehdadbjnngdkflkgalipflomjhmei,USO - Ukrainian Support Organizations,cookies
/home/minhyuk/Desktop/Download_extension/Extensions/productivity/workflow/cjgkiokoamefcjjpbhcldneamjoolobp_1.5.2.32.zip,cjgkiokoamefcjjpbhcldneamjoolobp,Asksuite Hotel Chatbot,"webRequest, tabs, webRequestBlocking"
/home/minhyuk/Desktop/Download_extension/Extensions/make_chrome_yours/functionality/nbaipoakdbkpkcfdobmhlchcijhcmmoe_1.0.0.zip,nbaipoakdbkpkcfdobmhlchcijhcmmoe,Copy link to highlight Advanced,clipboardWrite
/home/minhyuk/Desktop/Download_extension/Extensions/productivity/tools/dkonkehmngnpbapnlmjffpjfohbnhmgc_1.0.0.15.zip,dkonkehmngnpbapnlmjffpjfohbnhmgc,Cloud Screen - screenshots quickly,tabs
/home/minhyuk/Desktop/Download_extension/Extensions/lifestyle/fun/fngpcgiklmapjpnkjdjmpgajiijocdkd_3.0.zip,fngpcgiklmapjpnkjdjmpgajiijocdkd,CREAM,tabs
/home/minhyuk/Desktop/Download_extension/Extensions/productivity/workflow/hcegghofkifepkbnjonhfnfaigjnieme_1.5.0.zip,hcegghofkifepkbnjonhfnfaigjnieme,Noteably companion,tabs
/home/minhyuk/Desktop/Download_extension/Extensions/productivity/workflow/cnkaahfnkfaigbdcgcliiecccljnoeom_1.0.1.zip,cnkaahfnkfaigbdcgcliiecccljnoeom,ClicktoCall Extension,tabs
/home/minhyuk/Desktop/Download_extension/Extensions/lifestyle/shopping/pnkmjipifhjeemponlmnjohfgahenifi_1.1.12.zip,pnkmjipifhjeemponlmnjohfgahenifi,9_9øÐ_,tabs
/home/minhyuk/Desktop/Download_extension/Extensions/lifestyle/entertainment/ggomkpgfookijliefcelafogocjlpann_1.3.2.zip,ggomkpgfookijliefcelafogocjlpann,Yandex Music Downloader V3,downloads
/home/minhyuk/Desktop/Download_extension/Extensions/productivity/developer/dbgmmpgmabjfojcomjpoodckbajfclkd_1.1.5.zip,dbgmmpgmabjfojcomjpoodckbajfclkd,Plotline,tabs
/home/minhyuk/Desktop/Download_extension/Extensions/productivity/tools/emcnedanfejbplonenbeoplhlgifdfpj_1.0.zip,emcnedanfejbplonenbeoplhlgifdfpj,Color Code Extractor,clipboardWrite
/home/minhyuk/Desktop/Download_extension/Extensions/productivity/developer/jpijepjflkfojekoipljndehfjepimkn_1.1.zip,jpijepjflkfojekoipljndehfjepimkn,_í¼Ï·_ð¾,"webRequest, webRequestBlocking"
/home/minhyuk/Desktop/Download_extension/Extensions/make_chrome_yours/accessibility/mcebidbgdlfebjbnkkpfbdclngmaando_1.1.2.zip,mcebidbgdlfebjbnkkpfbdclngmaando,æð_éë×ù«Õ«£«ë«¿,tabs